Time,Min,Max,Mean,StdDev,Median,Type
0,0,0,0,0,0,DnmA Δ
1,0,1922.39,244.234,218.905,209.286,DnmA Δ
2,0,1906.52,260.558,228.7,211.65,DnmA Δ
3,0,2158.18,311.856,327.925,237.761,DnmA Δ
4,0,2938.34,350.819,378.708,249.355,DnmA Δ
5,0,2602.09,335.327,348.13,236.346,DnmA Δ
6,0,2190.76,327.387,341.483,232.433,DnmA Δ
7,0,2369.43,308.305,330.237,213.484,DnmA Δ
8,0,2637.91,318.46,367.828,223.056,DnmA Δ
9,0,2834.63,307.675,337.721,211.141,DnmA Δ
10,0,1940.36,249.691,206.802,216.063,DnmA Δ
11,0,3440.87,279.389,340.292,198.807,DnmA Δ
12,0,2911.7,308.902,369.654,213.719,DnmA Δ
13,0,1608.46,271.764,246.16,215.283,DnmA Δ
14,0,3041.66,303.233,371.534,210.966,DnmA Δ
15,0,3110.69,300.948,358.471,217.443,DnmA Δ
16,0,2412.69,302.834,300.79,230.631,DnmA Δ
17,0,2102.53,299.083,269.57,235.49,DnmA Δ
18,0,2950.64,258.982,280.875,201.808,DnmA Δ
19,0,2722.05,275.143,297.581,207.348,DnmA Δ
20,0,2867.25,272.477,273.747,209.716,DnmA Δ
21,0,2288.63,303.374,324.052,218.496,DnmA Δ
22,0,2995.72,320.529,371.165,219.96,DnmA Δ
23,0,2485.97,295.183,321.215,218.29,DnmA Δ
24,0,2974.81,272.608,280.027,205.863,DnmA Δ
25,0,2795.92,277.821,287.918,210.016,DnmA Δ
26,0,3045.91,296.172,330.151,197.503,DnmA Δ
27,0,3429.49,340.262,411.776,245.888,DnmA Δ
28,0,2931.59,269.51,289.075,202.285,DnmA Δ
29,0,2792.07,309.758,335.903,233.65,DnmA Δ
30,0,2295.41,259.871,252.333,185.287,DnmA Δ
31,0,2873.48,255.326,255.96,190.601,DnmA Δ
32,0,2828.99,293.662,368.467,189.184,DnmA Δ
33,0,3647.09,308.952,439.852,191.689,DnmA Δ
34,0,3415.38,340.817,434.404,235.087,DnmA Δ
35,0,3214.2,273.91,318.904,203.421,DnmA Δ
36,0,2875.53,285.141,346.372,220.051,DnmA Δ
37,0,2379.97,257.508,258.617,191.359,DnmA Δ
38,0,3077.63,275.79,308.531,193.86,DnmA Δ
39,0,2625.8,288.181,323.461,209.495,DnmA Δ
40,0,2737.31,271.908,300.678,206.486,DnmA Δ
41,0,2841.25,296.685,362.011,200.407,DnmA Δ
42,0,2582.9,283.966,325.654,199.478,DnmA Δ
43,0,2417.07,275.487,269.476,214.779,DnmA Δ
44,0,2467.08,260.513,272.594,201.572,DnmA Δ
45,0,2443.31,286.516,311.491,205.139,DnmA Δ
46,0,3023.44,284.966,307.138,213.985,DnmA Δ
47,0,2976.13,303.208,380.322,199.971,DnmA Δ
48,0,2944.74,314.464,354.263,208.221,DnmA Δ
49,0,2560.96,297.805,322.383,224.877,DnmA Δ
50,0,2968.22,268.976,302.026,189.166,DnmA Δ
51,0,3196.87,286.297,307.016,219.509,DnmA Δ
52,0,3241.96,287.426,321.696,212.802,DnmA Δ
53,0,3180.59,297.815,349.259,213.349,DnmA Δ
54,0,2668.04,290.195,324.518,197.389,DnmA Δ
55,0,2174.32,283.494,286.718,216.693,DnmA Δ
56,0,3102.62,304.903,328.569,220.459,DnmA Δ
57,0,2361.94,292.936,314.074,194.774,DnmA Δ
58,0,2968.22,314.553,373.628,221.572,DnmA Δ
59,0,2904.62,322.327,313.251,248.172,DnmA Δ
60,0,3450.9,364.167,491.625,227.435,DnmA Δ
61,0,3080.57,296.965,321.881,227.78,DnmA Δ
62,0,2645.82,319.174,350.065,231.402,DnmA Δ
63,0,2230.85,288.86,276.565,216.117,DnmA Δ
64,0,1787.8,310.246,262.444,245.399,DnmA Δ
65,0,3040.81,347.81,366.645,264.668,DnmA Δ
66,0,2886.75,305.4,311.452,229.086,DnmA Δ
67,0,2863.46,306.204,322.912,218.714,DnmA Δ
68,0,3137.52,303.333,335.524,222.2,DnmA Δ
69,0,2213.13,309.736,295.707,222.554,DnmA Δ
70,0,3071.86,341.916,370.269,251.039,DnmA Δ
71,0,2993.1,347.432,391.84,244.446,DnmA Δ
72,0,3042.28,320.926,347.548,233.429,DnmA Δ
73,0,3172.53,350.407,415.376,229.232,DnmA Δ
74,0,3207.85,336.982,385.183,236.489,DnmA Δ
75,0,3173.53,350.428,381.494,252.834,DnmA Δ
76,0,2204.97,322.542,306.954,239.905,DnmA Δ
77,0,2790.3,323.71,356.554,224.203,DnmA Δ
78,0,2760.64,328.84,350.6,229.132,DnmA Δ
79,0,3071.02,309.735,346.085,210.899,DnmA Δ
80,0,2859.58,351.391,393.037,256.965,DnmA Δ
81,0,3000.77,335.739,369.244,239.189,DnmA Δ
82,0,3212.96,366.124,445.23,228.873,DnmA Δ
83,0,2392.67,330.841,338.839,228.504,DnmA Δ
84,0,3213.05,391.125,436.548,275.265,DnmA Δ
85,0,3360.73,369.115,391.144,270.889,DnmA Δ
86,0,3460.86,383.443,434.224,257.998,DnmA Δ
87,0,2826.61,387.905,413.98,256.488,DnmA Δ
88,0,3120.29,392.446,467.204,251.23,DnmA Δ
89,0,2812.91,383.266,422.382,259.075,DnmA Δ
90,0,2901.82,412.185,435.775,278.32,DnmA Δ
91,0,2990.98,399.086,429.172,265.68,DnmA Δ
92,0,3064.89,411.189,477.502,260.496,DnmA Δ
93,0,2968.93,396.645,438.844,270.377,DnmA Δ
94,0,2926.75,386.154,409.401,283.718,DnmA Δ
95,0,3250.77,387.983,450.505,250.89,DnmA Δ
96,0,2410.08,363.56,367.902,256.561,DnmA Δ
97,0,2829.02,400.784,393.743,279.308,DnmA Δ
98,0,3187.4,416.999,475.052,275.355,DnmA Δ
99,0,3078,411.976,470.347,267.95,DnmA Δ
100,0,3228.18,418.668,471.012,289.107,DnmA Δ
101,0,3052.79,408.097,491.651,247.525,DnmA Δ
102,0,3005.78,386.593,464.238,241.781,DnmA Δ
103,0,3942.71,375.211,469.107,232.987,DnmA Δ
104,0,3611.81,405.071,471.632,255.494,DnmA Δ
105,0,3730.05,372.909,451.764,212.59,DnmA Δ
106,0,2938.72,350.117,433.841,225.598,DnmA Δ
107,0,3089.66,361.309,454.525,217.698,DnmA Δ
108,0,3012.18,367.659,446.833,214.009,DnmA Δ
109,0,2906.41,354.928,407.431,228.07,DnmA Δ
110,0,2683.2,329.354,359.212,232.88,DnmA Δ
111,0,2499.76,309.628,345.461,198.698,DnmA Δ
112,0,3135.72,351.141,446.589,228.527,DnmA Δ
113,0,2604.28,301.454,319.21,180.357,DnmA Δ
114,0,2427,343.709,404.094,205.085,DnmA Δ
115,0,2992.51,330.219,420.644,187.281,DnmA Δ
116,0,2777.19,336.279,409.648,203.244,DnmA Δ
117,0,2772.61,307.968,363.079,192.298,DnmA Δ
118,0,2755.56,292.981,329.486,197.113,DnmA Δ
119,0,2982.17,307.291,367.07,208.947,DnmA Δ
120,0,3117.29,302.542,412.71,190.021,DnmA Δ
121,0,2977.97,297.976,340.21,204.213,DnmA Δ
122,0,3051.73,277.86,317.068,179.798,DnmA Δ
123,0,2502.58,296.423,341.667,198.859,DnmA Δ
124,0,2440.48,322.48,345.302,217.68,DnmA Δ
125,0,2763.54,451.115,484.564,269.473,DnmA Δ
126,0,2796.8,297.875,371.486,178.195,DnmA Δ
127,0,3063.49,295.211,399.411,179.984,DnmA Δ
128,0,3063.27,308.429,444.498,179.649,DnmA Δ
129,0,2675.9,260.253,281.227,169.046,DnmA Δ
130,0,2971.79,313.015,433.213,175.635,DnmA Δ
131,0,3267.68,365.777,585.199,182.224,DnmA Δ
132,0,3060.7,262.233,394.814,147.985,DnmA Δ
133,0,2541.89,262.517,344.531,152.995,DnmA Δ
134,0,2361.72,283.119,366.568,182.943,DnmA Δ
135,0,2909.83,271.571,333.062,164.123,DnmA Δ
136,0,3000.02,278.685,366.24,163.396,DnmA Δ
137,0,2384.82,254.148,306.94,169.751,DnmA Δ
138,0,3123.12,260.06,384.433,147.273,DnmA Δ
139,0,3263.88,262.62,364.489,154.301,DnmA Δ
140,0,3186.16,244.316,340.62,135.257,DnmA Δ
141,0,2545.06,219.1,273.432,130.503,DnmA Δ
142,0,3187.12,257.604,394.907,138.78,DnmA Δ
143,0,3110.38,221.812,312.222,125.357,DnmA Δ
144,0,2669.7,195.022,256.639,115.768,DnmA Δ
145,0,2211.21,228.405,294.044,141.563,DnmA Δ
146,0,2949.14,199.673,270.085,129.597,DnmA Δ
147,0,2178.87,247.37,310.386,143.469,DnmA Δ
148,0,3049.54,228.391,270.422,150.218,DnmA Δ
149,0,2944.78,231.711,333.589,132.104,DnmA Δ
150,0,3175.53,225.522,342.609,131.165,DnmA Δ
151,0,2762.32,207.54,254.614,136.002,DnmA Δ
152,0,3064.37,231.658,376.026,120.353,DnmA Δ
153,0,2890.67,239.414,323.965,149.857,DnmA Δ
154,0,2920.15,244.018,359.552,138.941,DnmA Δ
155,0,1992.94,223.595,293.905,130.406,DnmA Δ
156,0,2334.26,224.158,288.786,139.788,DnmA Δ
157,0,2704.07,236.455,321.202,129.063,DnmA Δ
158,0,2834.7,239.867,333.434,123.009,DnmA Δ
159,0,3045.44,241.655,337.964,140.564,DnmA Δ
160,0,2984.23,272.08,395.178,145.639,DnmA Δ
161,0,2540.95,230.465,268.138,154.118,DnmA Δ
162,0,3096.37,241.889,344.916,131.227,DnmA Δ
163,0,2883.42,251.894,357.771,148.333,DnmA Δ
164,0,3142.07,241.749,377.171,123.579,DnmA Δ
165,0,3180.7,243.706,370.659,129.953,DnmA Δ
166,0,2541.15,216.605,297.049,129.667,DnmA Δ
167,0,2940.08,211.863,260.061,128.034,DnmA Δ
168,0,2823.43,214.877,299.267,132.046,DnmA Δ
169,0,3358.39,237.323,347.934,137.99,DnmA Δ
170,0,3124.9,221.601,314.61,133.627,DnmA Δ
171,0,3110.81,222.04,310.03,127.704,DnmA Δ
172,0,2639.81,216.34,255.452,144.871,DnmA Δ
173,0,2977.16,233.525,322.622,143.058,DnmA Δ
174,0,2841.82,262.366,377.588,150.949,DnmA Δ
175,0,3132.79,227.283,309.007,137.626,DnmA Δ
176,0,2503.93,209.839,278.536,122.94,DnmA Δ
177,0,2175.24,185.858,234.389,114.215,DnmA Δ
178,0,3259.45,233.69,400.565,114.939,DnmA Δ
179,0,2240.95,198.002,250.294,118.009,DnmA Δ
180,0,3190.25,225.705,357.775,125.087,DnmA Δ
181,0,3185.45,208.435,309.061,118.975,DnmA Δ
182,0,2798.06,216.506,273.32,131.185,DnmA Δ
183,0,3000.48,231.698,354.632,133.077,DnmA Δ
184,0,2473.92,201.316,284.033,109.399,DnmA Δ
185,0,2661.33,197.298,307.352,100.82,DnmA Δ
186,0,2289.03,186.57,236.399,111.681,DnmA Δ
187,0,3116.32,186.151,310.937,108.148,DnmA Δ
188,0,2784.14,174.781,249.692,98.6581,DnmA Δ
189,0,3118.46,164.646,214.037,102.13,DnmA Δ
190,0,2435.72,194.258,266.4,115.858,DnmA Δ
191,0,1861.97,157.719,187.248,95.5325,DnmA Δ
192,0,2601.92,172.532,277.685,93.2925,DnmA Δ
193,0,3157.17,176.558,284.464,97.7051,DnmA Δ
194,0,2704.08,173.587,290.217,98.2568,DnmA Δ
195,0,2750.45,173.577,250.451,98.0641,DnmA Δ
196,0,1845.95,173.58,229.558,101.454,DnmA Δ
197,0,3122.67,161.132,221.303,103.876,DnmA Δ
198,0,2430.5,169.946,262.816,89.1976,DnmA Δ
199,0,3684.37,180.282,275.359,105.063,DnmA Δ
200,0,3625.24,165.33,293.115,98.4238,DnmA Δ
201,0,3771.83,170.591,300.231,94.8507,DnmA Δ
202,0,3575.02,166.574,300.641,93.4965,DnmA Δ
203,0,3165.38,162.556,293.163,86.7176,DnmA Δ
204,0,3130.68,146.296,219.777,89.8758,DnmA Δ
205,0,3171.48,166.936,313.242,86.5366,DnmA Δ
206,0,3307.39,165.442,296.633,94.7818,DnmA Δ
207,0,3274.1,152.891,282.627,90.049,DnmA Δ
208,0,3059.89,146.268,234.404,86.6898,DnmA Δ
209,0,2736.28,154.355,249.901,82.2699,DnmA Δ
210,0,2827.98,163.045,273.589,86.9322,DnmA Δ
211,0,2940.17,159.015,262.105,87.2783,DnmA Δ
212,0,3120.69,169.318,306.569,91.8133,DnmA Δ
213,0,2988.61,193.893,327.465,105.695,DnmA Δ
214,0,2390.07,150.599,217.64,87.3279,DnmA Δ
215,0,2266.05,168.761,250.365,99.6518,DnmA Δ
216,0,2630.44,141.311,194.95,78.7592,DnmA Δ
217,0,3458.66,144.372,243.082,87.2715,DnmA Δ
218,0,2447.12,149.585,205.555,83.9316,DnmA Δ
219,0,2892.35,159.402,275.511,85.1153,DnmA Δ
220,0,2659.01,151.721,193.219,98.4488,DnmA Δ
221,0,2249.06,143.674,194.368,82.5701,DnmA Δ
222,0,1751.65,149.792,186.497,95.2559,DnmA Δ
223,0,3047.65,151.435,268.476,77.726,DnmA Δ
224,0,2621.71,157.086,229.195,90.4075,DnmA Δ
225,0,2820.15,146.029,275.758,83.28,DnmA Δ
226,0,2767.69,136.225,208.788,79.8399,DnmA Δ
227,0,2908.16,136.547,234.589,76.5018,DnmA Δ
228,0,3078.98,148.293,258.904,87.2051,DnmA Δ
229,0,3050.59,147.7,248.79,76.6534,DnmA Δ
230,0,2863,130.921,203.75,76.498,DnmA Δ
231,0,2883.65,134.063,236.881,72.5084,DnmA Δ
232,0,1975.43,129.716,187.652,82.8042,DnmA Δ
233,0,2122.03,124.964,175.026,76.1187,DnmA Δ
234,0,2623.94,130.392,202.868,81.0073,DnmA Δ
235,0,1980.04,128.885,170.63,82.1875,DnmA Δ
236,0,2468,132.061,211.57,83.7529,DnmA Δ
237,0,2791.27,142.274,230.679,89.6053,DnmA Δ
238,0,2994.05,132.571,228.134,77.2868,DnmA Δ
239,0,3141.83,122.913,194.373,75.2831,DnmA Δ
240,0,3263.61,146.308,278.069,73.5573,DnmA Δ
241,0,3073.52,142.317,259.923,77.5726,DnmA Δ
242,0,3144.5,139.12,272.085,74.0534,DnmA Δ
243,0,3067.75,159.008,303.292,94.6362,DnmA Δ
244,0,3190.5,140.008,262.07,76.2532,DnmA Δ
245,0,2939.21,129.283,237.205,69.167,DnmA Δ
246,0,3116.93,140.407,277.333,73.7323,DnmA Δ
247,0,3207.79,140.722,274.125,82.1559,DnmA Δ
248,0,3085.97,126.931,223.241,72.5284,DnmA Δ
249,0,3063.19,126.804,249.594,70.0004,DnmA Δ
250,0,2953.26,136.039,227.225,75.7531,DnmA Δ
251,0,3184.22,141.379,300.909,78.8268,DnmA Δ
252,0,2970.11,122.016,234.897,66.0615,DnmA Δ
253,0,3137.41,140.546,308.675,70.6071,DnmA Δ
254,0,3273.38,132.322,260.117,70.893,DnmA Δ
255,0,3073.7,130.644,290.198,66.305,DnmA Δ
256,0,2970.05,130.676,265.142,67.9234,DnmA Δ
257,0,3039.63,151.201,326.945,73.7099,DnmA Δ
258,0,3137.08,137.138,270.309,73.8805,DnmA Δ
259,0,2945.01,124.206,211.25,70.2815,DnmA Δ
260,0,2880.22,149.086,326.193,67.2592,DnmA Δ
261,0,2471.4,116.539,196.587,66.1666,DnmA Δ
262,0,2744.89,117.937,201.942,72.1212,DnmA Δ
263,0,2396.02,106.094,145.77,70.0112,DnmA Δ
264,0,3074.33,112.705,233.085,68.622,DnmA Δ
265,0,2982.01,133.394,283.767,73.691,DnmA Δ
266,0,1973.35,106.597,158.339,67.9257,DnmA Δ
267,0,2999.52,145.903,308.814,69.6223,DnmA Δ
268,0,2800.39,118.134,224.799,70.0901,DnmA Δ
269,0,1316.82,120.929,163.568,72.0846,DnmA Δ
270,0,2164.95,121.272,182.644,68.6613,DnmA Δ
271,0,3066.53,129.409,260.906,73.3523,DnmA Δ
272,0,2898.82,127.733,274.925,67.2644,DnmA Δ
273,0,2988.87,133.246,210.674,75.9621,DnmA Δ
274,0,2999.34,124.37,255.761,64.7591,DnmA Δ
275,0,3014.98,142.388,301.501,72.3253,DnmA Δ
276,0,3122.16,120.705,271.251,61.4983,DnmA Δ
277,0,3141.87,133.902,323.637,64.4106,DnmA Δ
278,0,3082.7,129.492,279.208,69.1231,DnmA Δ
279,0,3160.39,119.872,256.916,66.8019,DnmA Δ
280,0,3280.66,112.007,191.593,67.2569,DnmA Δ
281,0,3311.76,115.117,245.744,59.5418,DnmA Δ
282,0,2534.67,109.222,166.14,66.1657,DnmA Δ
283,0,2607.9,113.978,196.223,64.91,DnmA Δ
284,0,3117.59,102.906,179.861,60.3457,DnmA Δ
285,0,1853.55,92.6816,123.912,64.7256,DnmA Δ
286,0,3159.85,102.404,214.85,59.4456,DnmA Δ
287,0,2714.81,113.986,182.938,65.0068,DnmA Δ
288,0,2395.43,112.002,185.195,70.91,DnmA Δ
289,0,2002.41,111.955,160.131,77.3705,DnmA Δ
290,0,2077.73,98.6167,145.956,63.3636,DnmA Δ
291,0,3153.07,105.687,217.504,56.7285,DnmA Δ
292,0,675.052,99.961,103.282,68.7532,DnmA Δ
293,0,2768.41,107.968,198.331,63.6797,DnmA Δ
294,0,1902.85,106.281,151.244,67.9717,DnmA Δ
295,0,3081.84,108.378,193.577,70.9825,DnmA Δ
296,0,1418.57,94.6963,116.16,64.5471,DnmA Δ
297,0,3263.72,98.4477,184.83,56.844,DnmA Δ
298,0,1491.69,99.6479,130.139,64.6443,DnmA Δ
299,0,3261.81,101.772,195.827,52.6475,DnmA Δ
300,0,2782.31,107.972,199.419,61.52,DnmA Δ
301,0,2902.31,122.755,237.338,68.5813,DnmA Δ
302,0,1292.43,93.5988,125.058,54.9355,DnmA Δ
303,0.28125,3146.05,123.344,237.194,76.2936,DnmA Δ
304,1.14063,2933.88,117.723,230.336,68.497,DnmA Δ
305,0,2930.42,115.359,249.015,64.2864,DnmA Δ
306,0,825.52,97.8642,107.981,67.9094,DnmA Δ
307,0,2878.26,117.701,208.62,69.1517,DnmA Δ
308,0,2566.73,108.18,203.464,60.1547,DnmA Δ
309,0,2554.31,100.736,171.354,59.9911,DnmA Δ
310,0,3043.65,109.731,204.382,69.3246,DnmA Δ
311,0,1384.7,100.316,116.757,66.1394,DnmA Δ
312,0,1394.45,98.3146,131.339,59.7988,DnmA Δ
313,0,2014.92,98.9069,148.012,62.999,DnmA Δ
314,0,1296.88,89.1531,106.191,59.2044,DnmA Δ
315,0,2467.51,96.1796,157.897,56.9967,DnmA Δ
316,0,3239.46,114.998,269.477,58.7885,DnmA Δ
317,0,2432.68,101.024,180.565,59.1688,DnmA Δ
318,0,1250.24,91.7916,119.693,58.5016,DnmA Δ
319,0,2496.16,105.531,169.067,62.5909,DnmA Δ
320,0,2103.76,102.729,170.855,61.9452,DnmA Δ
321,0,1326.98,102.823,130.304,61.416,DnmA Δ
322,0,3188.98,122.426,235.122,65.9691,DnmA Δ
323,0,2693.44,106.678,211.403,57.5335,DnmA Δ
324,0,2659.96,97.3406,162.675,57.8002,DnmA Δ
325,0,3366.16,113.146,217.678,65.1709,DnmA Δ
326,0,3070.63,111.163,249.267,57.9561,DnmA Δ
327,0,3238.28,113.651,280.83,54.8168,DnmA Δ
328,0,1758.6,103.692,148.129,64.9603,DnmA Δ
329,0,3102.54,103.753,205.712,64.2412,DnmA Δ
330,0,2037.9,91.9479,126.179,62.2801,DnmA Δ
331,0,3183.94,105.084,221.394,57.0756,DnmA Δ
332,0,2846.64,87.6391,165.025,55.1485,DnmA Δ
333,0,2217.79,129.144,227.514,72.3237,DnmA Δ
334,0,2924,101.46,222.473,58.5943,DnmA Δ
335,0,3061.87,102.548,223.2,61.9618,DnmA Δ
336,0,1998.05,104.324,177.402,55.4711,DnmA Δ
337,0,2834.28,91.3875,164.696,52.9755,DnmA Δ
338,0,3036.98,97.7322,184.925,52.8521,DnmA Δ
339,0,1201.81,93.3671,118.121,61.4067,DnmA Δ
340,0,935.961,106.386,129.281,65.7471,DnmA Δ
341,0,2801.27,99.9223,213.462,53.2715,DnmA Δ
342,0,2913.01,91.1323,176.831,53.9389,DnmA Δ
343,0,3331.47,89.2088,179.587,53.9984,DnmA Δ
344,0,3114.58,94.5381,216.415,52.8063,DnmA Δ
345,0,2515.9,85.0349,142.624,51.133,DnmA Δ
346,0,1761.49,92.7028,131.943,54.2162,DnmA Δ
347,0,1722.67,87.2929,123.243,51.6168,DnmA Δ
348,0,1294.39,87.9618,110.656,55.1755,DnmA Δ
349,0,3119.35,104.51,180.091,64.1235,DnmA Δ
350,0,2777.52,97.9703,204.552,52.5865,DnmA Δ
351,0,2740.96,97.8277,178.042,54.5049,DnmA Δ
352,2.31804,3091.58,108.094,229.132,62.985,DnmA Δ
353,2.72879,2146.59,97.1297,173.916,53.939,DnmA Δ
354,0,851.525,83.8343,105.272,51.3281,DnmA Δ
355,0,2108.62,112.847,208.028,63.7159,DnmA Δ
356,0,1665.5,89.3677,126.851,58.0938,DnmA Δ
357,0,1631.07,88.6947,131.377,55.2549,DnmA Δ
358,0,1541.33,89.7753,128.13,56.932,DnmA Δ
359,0,1363.85,86.2319,113.501,53.7387,DnmA Δ
360,0,946.892,85.9065,105.063,53.6506,DnmA Δ
361,0,1488.4,107.155,161.341,59.9453,DnmA Δ
362,0,638.381,80.3782,87.3134,54.1061,DnmA Δ
363,0,3187.65,123.279,242.652,73.7601,DnmA Δ
364,0,3131.2,102.308,218.503,58.2795,DnmA Δ
365,0,2608.71,96.5297,169.331,58.7843,DnmA Δ
366,0,3026.24,86.3857,195.91,49.2694,DnmA Δ
367,0,1729.05,83.0465,125.322,55.1725,DnmA Δ
368,0,2956.32,91.465,190.132,53.8204,DnmA Δ
369,0,2270.06,88.2505,137.47,61.2248,DnmA Δ
370,0,2636.93,92.6929,146.871,60.196,DnmA Δ
371,0,700.534,78.5927,79.2789,53.6525,DnmA Δ
372,0,2778.61,82.5867,175.085,48.2872,DnmA Δ
373,0,2447.44,84.1015,139.234,56.9496,DnmA Δ
374,0,2761.98,91.5752,196.248,56.9783,DnmA Δ
375,0,981.677,74.6447,95.812,46.8802,DnmA Δ
376,0,2184.24,81.8126,133.124,53.5637,DnmA Δ
377,0,2913.19,90.2442,184.066,53.5521,DnmA Δ
378,0,1089.36,80.8881,97.8273,50.6474,DnmA Δ
379,0,3169.02,84.3502,196.282,48.3933,DnmA Δ
380,0.9375,3324.53,84.1555,187.391,49.4968,DnmA Δ
381,0,872.48,83.3149,112.335,51.1285,DnmA Δ
382,0,1518.06,78.2714,115.341,49.0811,DnmA Δ
383,0,1572.89,84.933,136.102,48.0594,DnmA Δ
384,0.265625,2129.85,80.2414,128.852,49.6556,DnmA Δ
385,0,2985.63,87.2162,183.923,49.8289,DnmA Δ
386,1.74735,1959.5,93.8237,150.908,60.2742,DnmA Δ
387,0,3312.52,82.8419,178.68,45.5002,DnmA Δ
388,0,3132.24,88.5292,192.505,55.1012,DnmA Δ
389,0,2646.79,91.3724,160.204,52.9121,DnmA Δ
390,0,3116.24,94.4573,221.455,48.1695,DnmA Δ
391,0,3295.57,100.392,259.89,51.451,DnmA Δ
392,0,2123.91,79.6827,124.006,51.2302,DnmA Δ
393,0,2078.34,93.0734,160.464,55.1782,DnmA Δ
394,0,1315.56,83.2654,109.738,50.1862,DnmA Δ
395,0,2635.61,84.7607,171.608,51.6952,DnmA Δ
396,0,1773.56,83.7647,127.111,48.0493,DnmA Δ
397,0,659.233,71.9869,75.7231,49.4467,DnmA Δ
398,0,2461.11,82.9166,141.381,51.346,DnmA Δ
399,0,1092.8,80.5032,104.826,50.8195,DnmA Δ
400,0,2863.4,86.285,151.666,55.0132,DnmA Δ
401,0,3082.39,88.8551,209.309,46.7385,DnmA Δ
402,0,816.974,77.3391,84.3848,52.8786,DnmA Δ
403,0,2748.32,83.4425,154.967,54.4587,DnmA Δ
404,0,929.294,74.6738,89.3676,47.0323,DnmA Δ
405,0,2762.58,82.4527,149.358,52.4674,DnmA Δ
406,0,2867.2,86.9561,196.768,51.5608,DnmA Δ
407,0,2828.95,83.715,180.577,50.953,DnmA Δ
408,0,2953.24,92.8517,232.543,45.0736,DnmA Δ
409,0.140625,2530.84,84.5955,168.266,49.1372,DnmA Δ
410,0,963.118,73.7453,90.359,49.1204,DnmA Δ
411,0,3015.28,78.9251,197.118,44.3945,DnmA Δ
412,0.837506,932.989,78.4361,103.882,48.6512,DnmA Δ
413,0,1377.64,84.4615,116.776,54.0444,DnmA Δ
414,0,2823.6,93.5473,171.294,56.8186,DnmA Δ
415,0,769.995,71.7899,78.2348,46.9598,DnmA Δ
416,0,2508.18,75.0401,144.022,44.4847,DnmA Δ
417,0,2577.25,83.3283,154.483,51.0826,DnmA Δ
418,0,947.917,74.1093,90.4796,51.338,DnmA Δ
419,0,928.22,72.4114,92.9339,46.1463,DnmA Δ
420,0,2922.25,77.7149,154.642,46.5726,DnmA Δ
421,1.37804,2866.57,96.6028,208.366,50.0781,DnmA Δ
422,2.88708,2332.7,88.8245,152.231,56.5545,DnmA Δ
423,0,2292.2,96.7011,156.187,61.7937,DnmA Δ
424,0,1110.38,82.7031,104.958,55.8376,DnmA Δ
425,0,2429.56,78.8302,157.025,49.4356,DnmA Δ
426,0,3126.42,89.5734,220.802,46.4237,DnmA Δ
427,0,2612.53,82.7124,147.329,52.4714,DnmA Δ
428,0,3186.42,81.2961,170.151,49.395,DnmA Δ
429,0,2614.23,76.9264,151.895,46.8469,DnmA Δ
430,0,3034.6,102.762,249.47,53.4385,DnmA Δ
431,0,3138.68,218.364,358.83,130.214,DnmA Δ
432,0,3522.79,138.763,259.406,77.2176,DnmA Δ
433,0,772.896,91.9945,96.2913,64.9582,DnmA Δ
434,0,2385.63,99.8683,176.699,58.9708,DnmA Δ
435,0,2645.28,103.044,231.625,59.0667,DnmA Δ
436,0,2627.58,90.2161,138.353,59.8372,DnmA Δ
437,0,2719.72,113.889,246.804,58.3486,DnmA Δ
438,0,2731.79,93.0346,185.251,52.1905,DnmA Δ
439,0,2288.04,87.7029,156.14,52.0696,DnmA Δ
440,0,2730.56,98.2962,200.668,59.3656,DnmA Δ
441,0,2799.84,83.517,170.295,45.7376,DnmA Δ
442,0,2450.49,88.8701,158.309,51.1666,DnmA Δ
443,0,2455.53,85.0798,155.793,48.4574,DnmA Δ
444,0,1653.55,81.1329,137.025,45.5084,DnmA Δ
445,0,2971.67,105.08,255.165,50.1271,DnmA Δ
446,0,2810.45,92.2026,198.251,49.0809,DnmA Δ
447,0,1948.24,86.9562,150.056,48.3206,DnmA Δ
448,0,2021.99,89.8777,163.68,50.0172,DnmA Δ
449,0,2903.26,92.386,202.707,46.8317,DnmA Δ
450,0,2749.05,88.4286,188.862,47.1342,DnmA Δ
451,0,2320.64,82.7522,156.087,48.7888,DnmA Δ
452,0,2296.63,86.3156,169.882,49.1601,DnmA Δ
453,0,3033.09,108.078,185.413,68.7077,DnmA Δ
454,0,3243.22,106.846,227.189,57.6469,DnmA Δ
455,0,2586.17,104.963,205.926,67.2679,DnmA Δ
456,1.21875,2526.36,99.55,211.408,52.4868,DnmA Δ
457,0,2783.72,85.482,166.155,49.6208,DnmA Δ
458,0,3029.38,82.1586,181.891,45.5429,DnmA Δ
459,0,3073.51,83.117,191.471,46.5725,DnmA Δ
460,0,3097.66,112.624,226.761,60.3746,DnmA Δ
461,0,3360.54,121.926,250.642,68.2146,DnmA Δ
462,0,3201.29,110.056,201.154,64.8746,DnmA Δ
463,0,2833.5,105.852,198.867,62.9412,DnmA Δ
464,3.46033,2984.96,98.8168,205.483,55.5026,DnmA Δ
465,0.5,2901.61,98.0223,184.455,56.1044,DnmA Δ
466,0,2620.28,95.0479,169.292,57.9923,DnmA Δ
467,0,3267.05,100.172,239.637,56.0355,DnmA Δ
468,0,3277.79,89.1521,190.996,53.7742,DnmA Δ
469,0,2666.61,95.7516,176.128,59.6957,DnmA Δ
470,0,1897.45,88.8848,118.495,58.8851,DnmA Δ
471,0,2965.95,102.247,174.785,62.5467,DnmA Δ
472,0,2756.79,98.205,185.517,58.0419,DnmA Δ
473,0,1697.72,104.365,149.034,62.8677,DnmA Δ
474,0,2876.27,107.905,222.402,62.9337,DnmA Δ
475,0,1904.5,91.3496,135.955,59.1915,DnmA Δ
476,0,1660.47,86.8491,148.159,48.881,DnmA Δ
477,0,2975.09,85.5183,180.776,51.2139,DnmA Δ
478,0,2871.53,102.17,198.187,58.1255,DnmA Δ
479,0,2068.92,92.162,166.176,59.1089,DnmA Δ
480,0,1617.54,82.0635,125.886,49.5076,DnmA Δ
481,0,2954.75,96.4142,157.917,59.03,DnmA Δ
482,0.40625,2895.82,88.604,194.958,48.2278,DnmA Δ
483,0,2991.6,98.4502,207.388,60.0878,DnmA Δ
484,0,2679.67,79.4399,134.283,53.3827,DnmA Δ
485,0,2072.62,81.9011,127.095,47.8209,DnmA Δ
486,0,3095.48,78.7925,167.225,43.178,DnmA Δ
487,0,3040.79,90.1837,196.917,51.4265,DnmA Δ
488,0.96875,1624.26,84.9619,137.042,49.4609,DnmA Δ
489,0,1770.94,79.1631,124.185,41.9126,DnmA Δ
490,0,2431.93,97.6196,165.622,56.6171,DnmA Δ
491,0.719429,2355.66,87.3496,189.515,45.0498,DnmA Δ
492,0,3072.94,100.017,269.183,46.7154,DnmA Δ
493,0,2384.62,77.6671,157.39,43.1147,DnmA Δ
494,1.13375,3017.76,87.6851,210.34,46.5378,DnmA Δ
495,0,2550.43,94.4276,199.237,52.302,DnmA Δ
496,0,3155.64,92.1396,243.231,44.7037,DnmA Δ
497,1.375,3021.17,94.6221,236.386,44.3772,DnmA Δ
498,0,2206.73,77.395,155.784,42.9682,DnmA Δ
499,1.45313,3091.21,91.1577,200.236,44.7453,DnmA Δ
500,0,3042.13,81.7468,195.803,40.4337,DnmA Δ
501,0,3060.18,80.5598,165.082,43.717,DnmA Δ
502,0.944764,3005.2,87.7833,208.998,47.5615,DnmA Δ
503,1.27188,2480.75,84.5902,173.082,44.3655,DnmA Δ
504,0,2011.95,79.0696,138.796,45.6866,DnmA Δ
505,0.815537,2343.43,77.1826,143.239,44.1874,DnmA Δ
506,0,715.323,69.5316,80.3935,44.8418,DnmA Δ
507,0,2854.49,84.8265,168.808,47.9038,DnmA Δ
508,0,2566.29,83.2633,158.282,46.9313,DnmA Δ
509,0,3012.36,93.1958,223.889,48.991,DnmA Δ
510,0,3025.52,92.139,231.708,43.6261,DnmA Δ
511,0,2880.73,85.9511,203.496,46,DnmA Δ
512,0,2225.98,84.9018,168.996,46.5278,DnmA Δ
513,0,2800.52,111.198,216.002,61.3456,DnmA Δ
514,0,2907.35,90.961,207.428,47.919,DnmA Δ
515,0,1254.78,76.7464,117.239,44.3537,DnmA Δ
516,0,2968.95,89.0094,194.02,47.112,DnmA Δ
517,0,2904.08,104.126,211.121,60.5433,DnmA Δ
518,0,817.228,75.0386,91.6481,47.4899,DnmA Δ
519,0,1293.7,79.4528,121.975,42.7627,DnmA Δ
520,0,3205.49,102.586,228.876,52.7059,DnmA Δ
521,0,3064.31,86.2362,190.37,46.4626,DnmA Δ
522,0,2325.79,86.3594,191.076,44.22,DnmA Δ
523,1.33594,3173.12,89.6208,212.203,46.3304,DnmA Δ
524,0,1641.97,76.8537,128.179,41.0317,DnmA Δ
525,0,1943.4,90.1372,159.403,50.9235,DnmA Δ
526,0,2163.29,87.0054,156.539,50.9493,DnmA Δ
527,0,2917.42,90.4448,170.238,51.8517,DnmA Δ
528,0,1059.76,75.6316,107.449,45.7237,DnmA Δ
529,0,3122.43,82.0438,154.541,51.8081,DnmA Δ
530,1.68032,1230.45,70.4613,92.3534,41.9279,DnmA Δ
531,1.60139,2830.61,77.5762,155.792,42.3921,DnmA Δ
532,0,1521.68,75.1228,106.269,48.5069,DnmA Δ
533,0,2227.89,86.1881,151.71,49.9489,DnmA Δ
534,0,2385.86,83.504,157.456,47.908,DnmA Δ
535,0,1287.04,77.66,116.467,46.1839,DnmA Δ
536,0,1364.41,76.6929,125.474,44.419,DnmA Δ
537,0,2974.03,88.4276,204.083,47.2555,DnmA Δ
538,0,2894.04,90.603,224.116,44.9487,DnmA Δ
539,0,3203.61,86.2529,225.896,43.2157,DnmA Δ
540,0,3294.75,80.9428,176.642,42.4693,DnmA Δ
541,0.46875,2950.41,76.6511,150.033,46.3652,DnmA Δ
542,0,2333.94,89.5888,158.13,54.0835,DnmA Δ
543,0,2932.75,118.784,265.571,63.1392,DnmA Δ
544,0,2298.69,81.4113,158.701,47.3159,DnmA Δ
545,0,3089.05,91.5585,235.6,49.8334,DnmA Δ
546,0,2706.68,77.7464,178.832,41.4071,DnmA Δ
547,0,2829.03,93.6169,222.172,45.5866,DnmA Δ
548,0,2473.83,86.0729,187.66,43.1981,DnmA Δ
549,0,2828.4,86.6509,190.723,45.8732,DnmA Δ
550,0,2907.25,96.1188,172.346,57.6101,DnmA Δ
551,0,2774.16,83.5146,173.219,48.7984,DnmA Δ
552,0,1201.77,65.7161,97.4794,38.9145,DnmA Δ
553,1.92537,3171,84.85,201.215,43.7501,DnmA Δ
554,0,1297.66,72.8698,109.257,44.008,DnmA Δ
555,0,3182.17,123.382,291.695,62.3304,DnmA Δ
556,0,3027.63,80.4784,153.602,47.7469,DnmA Δ
557,0.875,3093.33,78.3345,155.702,46.0453,DnmA Δ
558,0,3048.09,83.8847,181.613,46.2321,DnmA Δ
559,0,3033.4,96.0984,245.424,43.1353,DnmA Δ
560,0,3039.68,94.0121,221.158,45.687,DnmA Δ
561,0,2445.85,81.1507,171.019,45.8558,DnmA Δ
562,0,2588.7,89.6424,200.25,48.8762,DnmA Δ
563,0,3102.07,94.3607,220.099,46.8917,DnmA Δ
564,0,3074.77,88.1434,214.64,44.1367,DnmA Δ
565,0,950.653,73.8515,90.2748,45.4427,DnmA Δ
566,0,1571.71,77.8993,134.716,46.2434,DnmA Δ
567,0,2903.06,81.2019,173.049,47.5839,DnmA Δ
568,1.04068,1614.87,78.5745,131.361,48.8635,DnmA Δ
569,0,2480.98,79.6748,145.69,47.5711,DnmA Δ
570,0.21875,3063.32,89.5923,229.98,42.6101,DnmA Δ
571,0,2249.01,87.6587,163.496,49.2534,DnmA Δ
572,0,2439.57,85.0148,166.08,50.5699,DnmA Δ
573,0,2449.93,94.1683,152.029,57.2443,DnmA Δ
574,0,2273.7,79.5364,152.965,49.0068,DnmA Δ
575,0,2985.7,88.8376,209.652,48.0791,DnmA Δ
576,0,2386.08,75.8623,124.004,49.8073,DnmA Δ
577,0,1467.08,70.9602,94.9627,47.0065,DnmA Δ
578,0,2466.02,80.2804,149.97,51.2354,DnmA Δ
579,0,2712.12,78.5322,201.606,40.9011,DnmA Δ
580,0,2940.27,93.9821,219.104,53.9643,DnmA Δ
581,0,2557.48,81.663,193.695,40.5047,DnmA Δ
582,1.12294,2560.7,65.2851,132.907,39.4373,DnmA Δ
583,0,1328.54,79.7554,114.125,51.1502,DnmA Δ
584,0,2398.78,76.0006,152.081,45.5656,DnmA Δ
585,2.0586,2424.91,70.8402,131.239,40.8567,DnmA Δ
586,0,1441.92,75.1879,104.819,43.1875,DnmA Δ
587,0,589.902,68.0037,80.2903,41.657,DnmA Δ
588,0,1034.74,76.0579,108.411,44.0002,DnmA Δ
589,0,2359.91,78.8735,143.278,44.4092,DnmA Δ
590,0,2378.67,76.1131,133.252,44.0538,DnmA Δ
591,0.541491,2502.58,74.8984,136.3,45.2126,DnmA Δ
592,0,2471.01,76.3939,149.556,44.295,DnmA Δ
593,0,708.287,69.1784,84.1041,42.7969,DnmA Δ
594,0,964.117,69.5606,98.2643,42.4637,DnmA Δ
595,0,2656.95,70.3887,132.192,44.7221,DnmA Δ
596,0,1748.14,75.1664,132.147,44.1015,DnmA Δ
597,0,1875.84,77.2196,124.259,44.376,DnmA Δ
598,0,1569.92,75.22,110.363,44.949,DnmA Δ
599,0,2351.66,81.7947,168.859,46.8749,DnmA Δ
600,1.57813,1953.25,76.0551,134.571,44.1782,DnmA Δ
601,0,979.815,66.7049,86.248,43.3349,DnmA Δ
602,1.28363,689.696,71.7767,86.634,44.5423,DnmA Δ
603,0,1879.63,98.9574,162.305,60.1985,DnmA Δ
604,0,1553.92,72.8148,98.857,46.8525,DnmA Δ
605,0,1610.49,69.7133,102.065,41.9059,DnmA Δ
606,0,1868.16,72.5428,108.812,45.3242,DnmA Δ
607,0,2060.37,73.5883,115.47,45.9533,DnmA Δ
608,0,2034.46,79.7177,169.412,43.5043,DnmA Δ
609,0,2178.02,76.7532,132.712,44.4777,DnmA Δ
610,0,914.98,84.8634,104.227,56.2339,DnmA Δ
611,0,2365.2,83.1441,158.522,48.5065,DnmA Δ
612,0,2806.22,74.6641,141.58,46.0272,DnmA Δ
613,0,1766.72,73.535,111.88,45.8732,DnmA Δ
614,0,2485.18,77.8667,167.643,40.6672,DnmA Δ
615,0,3167.63,86.074,218.496,42.3953,DnmA Δ
616,0,3102.17,85.8088,184.78,45.564,DnmA Δ
617,0,3163.63,79.96,200.762,41.8879,DnmA Δ
618,0,3244.47,78.9913,185.081,41.692,DnmA Δ
619,0,981.678,76.862,101.308,46.5882,DnmA Δ
620,0,2723.14,88.1637,194.595,45.6308,DnmA Δ
621,0,2775.3,83.048,203.993,40.4986,DnmA Δ
622,0,1614.32,86.4653,133.006,51.5481,DnmA Δ
623,0,1091.58,77.6134,105.251,47.316,DnmA Δ
624,1.25623,3097.83,88.3652,232.022,43.0031,DnmA Δ
625,0,2780.64,85.8279,179.726,46.7951,DnmA Δ
626,0,0,0,0,0,DnmA Δ
627,0,0,0,0,0,DnmA Δ
628,0,0,0,0,0,DnmA Δ
629,0,0,0,0,0,DnmA Δ
630,0,0,0,0,0,DnmA Δ
631,0,0,0,0,0,DnmA Δ
0,0,0,0,0,0,Ax4
1,0.25,489.359,34.7796,53.5595,22.4452,Ax4
2,0,1425.62,286.21,206.011,243.695,Ax4
3,1.45774,414.409,42.0626,54.9183,23.3916,Ax4
4,0,1643.05,295.53,221.327,237.178,Ax4
5,2.08908,469.059,36.0524,50.7409,22.3556,Ax4
6,0,2028.74,274.548,223.965,217.182,Ax4
7,0.894864,476.167,40.8989,59.2274,23.8049,Ax4
8,0,1446.12,328.711,245.555,265.725,Ax4
9,0.488391,875.675,34.4712,64.0251,21.8534,Ax4
10,0,3583.45,303.97,351.84,239.747,Ax4
11,0,456.948,40.8995,58.9338,25.1872,Ax4
12,0,3851.28,278.001,314.181,219.348,Ax4
13,1.76915,982.492,43.1714,86.3687,24.3838,Ax4
14,0,1267,252.228,191.005,206.315,Ax4
15,0.500976,594.511,39.2679,59.2187,25.2533,Ax4
16,0,1774.96,276.76,207.211,236.271,Ax4
17,0,996.437,39.6676,79.342,24.4749,Ax4
18,0,1992.63,282.399,229.731,229.493,Ax4
19,2.05105,1538.86,43.4218,120.505,22.0574,Ax4
20,0,2529.96,299.836,299.456,239.76,Ax4
21,0.65625,506.112,38.8477,57.0668,24.5515,Ax4
22,0,5265.03,310.811,482.331,234.103,Ax4
23,0.595597,628.602,41.1233,69.2154,23.0679,Ax4
24,0,1372.05,279.318,208.334,247.834,Ax4
25,0,5424.69,60.4946,343.714,19.6981,Ax4
26,0,7044.66,299.037,486.31,216.256,Ax4
27,1.10099,2813.34,47.2992,185.26,21.192,Ax4
28,0,3347.51,306.735,302.428,253.925,Ax4
29,0.511599,485.73,36.2521,57.3921,21.299,Ax4
30,0,2816.19,333.314,300.401,272.584,Ax4
31,0.1875,482.676,27.2582,41.3632,15.8961,Ax4
32,0,4128.05,289.212,361.287,218.397,Ax4
33,0,393.656,31.5861,43.1146,20.0726,Ax4
34,0,2775.4,297.35,297.325,231.08,Ax4
35,1.12511,545.251,36.4259,63.2188,19.7117,Ax4
36,0,1623.97,269.768,201.314,226.842,Ax4
37,0.40625,475.002,31.9428,44.7806,19.4336,Ax4
38,0,1596.95,268.957,232.587,207.628,Ax4
39,0.346931,547.813,31.5393,54.8475,19.3443,Ax4
40,0,3051.95,279.454,284.772,215.443,Ax4
41,0.234375,454.688,30.7077,43.1165,17.7651,Ax4
42,0,5600.71,258.297,392.364,189.19,Ax4
43,0.1875,531.671,31.8509,54.5323,18.0521,Ax4
44,0,2046.08,257.962,229.352,209.751,Ax4
45,0,373.231,26.0039,36.2876,16.3777,Ax4
46,0,4079.72,257.598,294.618,213.568,Ax4
47,0,355.563,28.1627,41.6745,17.2905,Ax4
48,0,2801,260.164,260.082,208.407,Ax4
49,0.410138,332.094,23.3004,29.8442,15.7357,Ax4
50,0,3559.6,264.889,294.017,205.67,Ax4
51,0.643773,2721.6,30.4856,160.854,14.2354,Ax4
52,0,6889.21,277.734,481.718,196.103,Ax4
53,0.868278,539.421,24.9241,46.6699,14.4022,Ax4
54,0,2190.15,260.63,233.771,202.525,Ax4
55,1.06983,453.215,21.6915,37.5285,12.4379,Ax4
56,0,4536.95,256.746,393.586,176.607,Ax4
57,0,2142.85,30.0611,131.181,12.092,Ax4
58,0,4866.46,243.075,319.72,188.718,Ax4
59,0,235.527,20.6811,25.5349,12.2272,Ax4
60,0,6601.65,283.592,520.908,193.289,Ax4
61,0.0926243,308.735,18.5564,26.6607,12.2795,Ax4
62,0,5172.26,256.203,376.232,186.116,Ax4
63,0,476.781,21.3636,37.9607,13.0658,Ax4
64,0,1559.31,225.183,189.208,185.231,Ax4
65,0.628117,452.324,21.0434,36.719,11.8523,Ax4
66,0,1554.11,216.865,184.436,175.044,Ax4
67,0.0698771,238.656,18.7219,22.5996,12.6569,Ax4
68,0,2939.36,231.049,240.734,183.266,Ax4
69,0.553751,296.048,20.9213,28.0838,13.1877,Ax4
70,0,6513.42,254.252,388.097,174.851,Ax4
71,0.573035,826.408,21.4772,53.8519,11.7316,Ax4
72,0,4507.81,229.718,273.139,187.332,Ax4
73,0.71875,424.742,20.9107,33.3721,13.2397,Ax4
74,0,6231.23,285.75,533.555,183.786,Ax4
75,0.472898,731.475,24.2058,50.4403,13.5314,Ax4
76,0,5809.75,272.79,494.698,179.539,Ax4
77,0.612572,153.61,18.8412,21.1807,12.5547,Ax4
78,0,5289.93,278.929,419.432,179.284,Ax4
79,0.53125,1472.14,23.2473,81.3854,12.7693,Ax4
80,0,3161.09,242.294,260.628,187.135,Ax4
81,0.321738,425.82,20.345,33.4292,12.4543,Ax4
82,0,1815.46,224.884,186.948,182.419,Ax4
83,0,597.081,20.6809,38.3725,11.5923,Ax4
84,0,2276.03,236.345,232.135,180.198,Ax4
85,0,3046.54,28.3729,166.683,10.734,Ax4
86,0,5665.82,251.095,369.341,186.91,Ax4
87,0.380173,2672.9,23.4252,139.747,10.3772,Ax4
88,0,5611.64,249.769,331.756,193.598,Ax4
89,0.223716,185.218,17.3182,20.7192,11.1243,Ax4
90,0,5125.15,251.785,309.969,192.028,Ax4
91,0.104688,525.886,16.8945,33.621,10.9586,Ax4
92,0,6432.44,256.126,452.487,173.836,Ax4
93,0,225.02,18.3303,23.7509,11.1961,Ax4
94,0,7038.36,251.357,402.88,184.538,Ax4
95,0.503653,577.362,19.9738,45.8678,11.3078,Ax4
96,0,6426.14,260.801,464.741,189,Ax4
97,0.100049,136.85,16.4489,17.5789,11.4566,Ax4
98,0,6105.37,270.917,494.618,194.772,Ax4
99,0,411.603,17.2762,27.7655,10.9933,Ax4
100,0,3357.66,271.293,290.281,198.81,Ax4
101,0.328125,199.585,16.2006,20.9374,10.3796,Ax4
102,0,1222.38,223.041,169.122,179.894,Ax4
103,0,415.897,16.8118,28.4645,11.0985,Ax4
104,0,5187.43,246.334,321.141,186.959,Ax4
105,0,1211.58,22.0745,77.97,11.9758,Ax4
106,0,1541.65,220.228,185.93,181.404,Ax4
107,0,946.497,21.4333,64.7056,11.1459,Ax4
108,0,1589.73,234.007,191.285,182.676,Ax4
109,0,407.277,18.8118,33.9637,10.4004,Ax4
110,0,3555.27,254.44,301.873,201.501,Ax4
111,0,146.123,16.2439,17.5273,10.8362,Ax4
112,0,2437.68,243.903,226.393,181.922,Ax4
113,0.234375,182.61,15.8514,17.503,10.9945,Ax4
114,0,4265.84,236.613,308.331,164.644,Ax4
115,0.286837,1316.97,19.8323,72.8234,10.1956,Ax4
116,0,2940.04,224.766,228.516,166.737,Ax4
117,0.528716,168.595,16.1928,18.9931,10.5356,Ax4
118,0,3287.4,243.833,321.675,166.03,Ax4
119,0,340.616,17.8306,27.0193,10.2576,Ax4
120,0,3242.85,244.262,257.1,180.197,Ax4
121,0.09375,164.654,13.9722,21.3416,8.15321,Ax4
122,0,6318.4,285.439,545.527,184.142,Ax4
123,0.182385,451.532,17.1776,28.5907,10.9715,Ax4
124,0,5197,274.68,464.537,174.678,Ax4
125,0.294812,339.14,16.469,26.3537,10.0651,Ax4
126,0,5058.1,247.146,325.535,175.112,Ax4
127,0,263.479,14.9831,21.228,9.07628,Ax4
128,0,3161.25,233.604,248.938,173.048,Ax4
129,0.34375,150.85,15.0261,17.3209,10.158,Ax4
130,0,6970,256.467,434.836,170.522,Ax4
131,0,194.267,14.5518,20.2038,9.69476,Ax4
132,0,5915.12,233.472,359.631,154.478,Ax4
133,0,608.324,16.8603,36.9319,8.87241,Ax4
134,0,2645.42,236.508,250.714,181.717,Ax4
135,0.412512,285.691,17.1985,26.729,10.7569,Ax4
136,0,5204.06,267.987,430.701,162.305,Ax4
137,0.128847,194.048,16.674,20.7631,11.7641,Ax4
138,0,3148.09,233.082,252.527,172.52,Ax4
139,0,307,16.4015,24.6853,10.3405,Ax4
140,0,3284.35,227.045,261.277,171.575,Ax4
141,0,378.451,16.22,25.7208,10.636,Ax4
142,0,1253.6,235.399,211.723,179.314,Ax4
143,0,101.76,15.1152,13.4387,10.9927,Ax4
144,0,6020.33,268.173,466.359,153.396,Ax4
145,0,385.587,16.2713,25.2134,10.779,Ax4
146,0,3866.48,275.864,382.847,171.664,Ax4
147,0,191.539,14.4202,17.0521,9.39951,Ax4
148,0,5081.19,252.911,341.536,181.754,Ax4
149,0,153.119,15.4446,18.0751,10.1687,Ax4
150,0,4186.56,255.862,331.627,179.031,Ax4
151,0.0428354,247.008,13.857,23.1873,7.50366,Ax4
152,0,6976.78,251.497,439.596,151.339,Ax4
153,0,217.676,15.7965,19.6909,10.8193,Ax4
154,0,4182.1,244.321,314.358,156.472,Ax4
155,0,384.716,17.3218,27.9502,10.6085,Ax4
156,0,1916.03,237.338,242.079,168.17,Ax4
157,0,237.256,15.5113,21.3783,10.1599,Ax4
158,0,2535.52,249.621,287.064,172.191,Ax4
159,0,222.464,15.7203,20.3768,10.9465,Ax4
160,0,5423.11,283.696,468.493,181.762,Ax4
161,0.541491,279.912,17.0329,25.3768,10.4697,Ax4
162,0,5693.89,282.388,510.202,162.856,Ax4
163,0.0625,220.051,16.3507,21.0937,10.3917,Ax4
164,0,4368.89,269.5,423.605,169.004,Ax4
165,0.301769,350.912,18.7129,32.3275,11.6461,Ax4
166,0,3126.53,286.954,340.549,193.089,Ax4
167,0,220.414,17.8709,25.2303,10.9288,Ax4
168,0,3290.46,262.362,351.523,179.012,Ax4
169,0,404.586,23.0599,44.516,11.3423,Ax4
170,0,3538.52,284.712,401.665,166.028,Ax4
171,0,249.074,18.6657,27.5277,10.985,Ax4
172,0,3684.23,281.283,350.761,171.892,Ax4
173,0,1008.24,22.9741,62.2924,11.2731,Ax4
174,0,6563.52,319.742,545.554,172.274,Ax4
175,0,665.322,21.0418,46.7575,12.1403,Ax4
176,0,5524.66,301.314,499.695,179.627,Ax4
177,0.176777,437.171,19.2096,36.2486,11.9001,Ax4
178,0,3848.11,280.829,409.25,161.869,Ax4
179,0.232282,4177.05,38.4904,237.397,11.4481,Ax4
180,0,2507.51,281.098,319.566,174.571,Ax4
181,0.107195,138.232,15.0777,17.6807,9.90535,Ax4
182,0,6431.51,346.503,610.773,183.593,Ax4
183,0.484375,221.365,22.6683,30.5059,13.4347,Ax4
184,0,5562.28,343.917,584.674,196.841,Ax4
185,0,470.713,25.0945,44.0939,12.3758,Ax4
186,0,6371.02,361.333,663.338,186.064,Ax4
187,0.877229,1090.54,35.264,98.9669,12.3552,Ax4
188,0,3748.52,324.976,474.215,182.528,Ax4
189,0.139754,580.747,24.6129,45.0711,13.0079,Ax4
190,0,6830.68,330.238,543.362,192.959,Ax4
191,0.503164,402.327,23.2665,35.7693,13.3327,Ax4
192,0,5758.13,350.02,543.922,201.334,Ax4
193,0.59703,1938.69,30.6901,114.478,14.2421,Ax4
194,0,4068.44,332.456,461.985,202.268,Ax4
195,0.32626,439.974,23.2388,36.298,13.3595,Ax4
196,0,6251.51,386.323,718.112,184.607,Ax4
197,0.501524,6749.69,46.1727,384.795,13.5857,Ax4
198,0,7165.6,352.366,630.416,184.966,Ax4
199,0.425046,383.28,22.329,34.6812,12.4364,Ax4
200,0,4868.71,317.51,435.482,195.209,Ax4
201,0.3763,4079.05,41.7042,274.741,12.6209,Ax4
202,0,3048.3,291.933,346.595,192.486,Ax4
203,0.563584,2689.81,29.7011,155.058,13.7871,Ax4
204,0,5389.93,321.253,465.833,183.452,Ax4
205,0.308173,201.542,22.6388,31.0397,13.3817,Ax4
206,0,6766.69,331.702,540.278,183.465,Ax4
207,0.1875,1131.08,30.3575,83.4437,13.4799,Ax4
208,0,6522.34,384.755,738.232,192.024,Ax4
209,0.139754,1074.27,27.8286,73.7235,12.1727,Ax4
210,0,3686.84,337.276,451.394,196.7,Ax4
211,0.0988212,238.89,19.0497,28.2885,10.0903,Ax4
212,0,3366.43,315.6,424.488,193.194,Ax4
213,0.214106,396.805,23.7075,41.8214,11.5287,Ax4
214,0,4624.64,361.685,547.593,211.029,Ax4
215,1.10347,619.913,25.6414,50.1371,13.6591,Ax4
216,0,4359.6,349.012,436.42,210.444,Ax4
217,0.1875,551.885,23.8063,40.4167,12.6541,Ax4
218,0,2688.21,324.363,346.304,210.288,Ax4
219,0.110485,626.997,23.1199,47.5368,12.6567,Ax4
220,0,2826.37,336.075,412.179,186.52,Ax4
221,0.168286,308.262,22.6647,33.9144,12.4785,Ax4
222,0,3988.72,367.245,541.182,193.673,Ax4
223,0.177391,521.962,23.7157,44.0549,13.0922,Ax4
224,0,5300.99,388.375,624.523,225.81,Ax4
225,1.4245,404.063,22.6231,38.088,12.9279,Ax4
226,0,5752.42,387.172,653.989,183.99,Ax4
227,0,298.598,22.8831,36.2962,12.4036,Ax4
228,0,4066.56,399.226,572.68,212.282,Ax4
229,0.346931,2161.76,27.3038,132.242,11.8993,Ax4
230,0,6868.7,371.551,657.961,199.939,Ax4
231,0.727024,6614.85,45.9307,403.996,12.2649,Ax4
232,0,2882.97,359.725,423.963,209.365,Ax4
233,0,2120.61,316.182,358.226,185.954,Ax4
234,0.965603,2559.77,30.4154,156.051,12.9728,Ax4
235,0,5636.45,397.474,608.077,225.936,Ax4
236,0.410138,387.007,23.9069,38.7565,12.176,Ax4
237,0,4211.61,384.379,506.655,208.507,Ax4
238,0,2077.66,27.333,127.616,11.6723,Ax4
239,0,3560.7,361.506,446.392,217.243,Ax4
240,0.00390625,476.527,19.4332,42.9451,9.37366,Ax4
241,0,3944.75,367.245,499.495,221.172,Ax4
242,1.25973,157.288,19.6286,22.8025,12.5155,Ax4
243,0,3360.06,346.638,458.027,196.773,Ax4
244,0.992188,2997.2,31.3818,187.093,13.0924,Ax4
245,0,3769.3,360.595,486.099,218.981,Ax4
246,0.561251,556.6,22.8698,45.8243,12.7715,Ax4
247,0,3206.57,334.401,451.51,192.633,Ax4
248,0,650.253,26.0866,60.7481,13.695,Ax4
249,0,5761.21,399.357,596.566,216.178,Ax4
250,0.501953,160.664,20.8553,26.3196,11.6406,Ax4
251,0,4009.56,390.766,502.424,248.334,Ax4
252,0.322118,324.386,21.3233,30.7459,12.7403,Ax4
253,0,3787.24,375.49,421.414,243.722,Ax4
254,0.195781,276.378,22.0613,33.6591,12.0581,Ax4
255,0,2531.66,355.973,383.188,221.451,Ax4
256,0.834768,248.623,18.5896,26.9791,11.1088,Ax4
257,0,5229.38,390.502,517.704,223.481,Ax4
258,0.230245,927.707,26.0254,67.6298,12.8772,Ax4
259,0,3245.89,380.399,462.629,243.245,Ax4
260,0.875697,413,19.3333,31.1918,12.1401,Ax4
261,0,5111.27,430.276,620.929,237.384,Ax4
262,0,738.201,30.488,71.4487,12.8694,Ax4
263,0,3634.9,405.738,464.846,232.279,Ax4
264,0.447176,1256.39,26.662,83.5453,13.6199,Ax4
265,0,5148.45,440.685,675.737,247.253,Ax4
266,0,981.156,27.0356,67.9792,13.6664,Ax4
267,0,5860.36,402.873,533.272,234.515,Ax4
268,0,1329.35,28.5472,104.918,12.6263,Ax4
269,0,4633.95,453.345,597.724,249.583,Ax4
270,0.03125,379.74,18.2257,36.8708,7.90417,Ax4
271,0,3342.69,396.069,459.678,242.646,Ax4
272,0.643477,499.947,24.4819,44.6383,12.8422,Ax4
273,0,3979.94,426.883,561.046,233.992,Ax4
274,0.434139,2756.66,31.4425,167.207,12.7786,Ax4
275,0,5552.74,448.494,617.645,249.355,Ax4
276,0.594572,353.262,23.8401,40.2378,11.1587,Ax4
277,0,6611.49,463.114,720.958,276.032,Ax4
278,0.7526,205.838,21.6157,25.9216,13.4271,Ax4
279,0,5883.47,371.552,466.474,252.942,Ax4
280,0,967.173,30.2761,73.2532,13.2113,Ax4
281,0,6345.11,501.707,753.593,288.592,Ax4
282,0.34375,3769.68,37.8485,227.59,12.8887,Ax4
283,0,5119.43,425.771,535.528,282.846,Ax4
284,0.18815,499.57,23.6999,42.29,13.2518,Ax4
285,0,4729.23,454.892,597.692,265.468,Ax4
286,0.46875,1928.23,29.8758,117.581,13.0567,Ax4
287,0,4162.03,427.344,500.02,272.894,Ax4
288,0.519399,519.031,22.2652,38.9851,11.8936,Ax4
289,0,4964.17,438.071,555.844,277.6,Ax4
290,0.585677,424.361,25.8659,44.8312,12.6291,Ax4
291,0,5495.79,485.44,660.342,267.059,Ax4
292,0,930.489,27.9261,72.805,13.5001,Ax4
293,0,3695.82,472.276,508.474,295.989,Ax4
294,0.251946,419.121,24.7058,41.7003,12.8952,Ax4
295,0,6389.37,500.079,679.821,271.376,Ax4
296,0.709347,615.108,29.3536,59.5496,13.5733,Ax4
297,0,5832.81,535.621,753.338,277.841,Ax4
298,0.65625,2045.81,32.5976,128.826,13.2096,Ax4
299,0,5580.94,508.849,667.44,297.289,Ax4
300,0,323.592,15.5837,25.9232,8.48075,Ax4
301,0,5471.57,537.482,664.757,302.388,Ax4
302,0,525.395,26.3357,46.5176,13.6168,Ax4
303,0,4753.97,509.996,572.79,311.717,Ax4
304,0,3049.09,36.2836,184.734,14.1581,Ax4
305,0,4560.19,519.382,652.103,285.202,Ax4
306,0.299026,289.122,21.8032,32.5527,13.1773,Ax4
307,0,6315.38,539.857,767.91,280.636,Ax4
308,0,3247.03,43.2531,241.863,12.8161,Ax4
309,0,4662.48,536.945,705.217,299.644,Ax4
310,0,535.262,28.1526,49.6928,13.4684,Ax4
311,0,6806.63,521.229,683.587,306.306,Ax4
312,0.15625,1856.31,33.7057,132.814,11.3501,Ax4
313,0,4570.59,480.248,607.92,275.865,Ax4
314,0.289755,529.095,24.4717,49.1482,14.6917,Ax4
315,0,6519.59,525.729,720.429,302.619,Ax4
316,0,2401.69,46.0638,184.403,14.4193,Ax4
317,0,6660.51,647.473,916.117,345.499,Ax4
318,0.203125,244.553,22.3326,31.339,11.6929,Ax4
319,0,4313.39,580.564,736.587,316.486,Ax4
320,0,365.605,27.3707,46.9144,13.2707,Ax4
321,0,4971.65,477.655,617.195,284.781,Ax4
322,0.15625,547.902,27.85,47.5955,14.9918,Ax4
323,0,6913.06,558.181,777.037,286.814,Ax4
324,0,1348.32,28.8984,90.5018,13.0858,Ax4
325,0,6150.39,584.25,807.437,309.523,Ax4
326,0.678384,4620.92,40.5908,265.369,12.9922,Ax4
327,0,3690.74,521.646,631.831,292.905,Ax4
328,1.34411,194.498,21.2835,25.4812,13.0315,Ax4
329,0,6479.39,570.797,822.241,275.763,Ax4
330,0,6495.44,45.1051,368.429,10.3357,Ax4
331,0,6206.75,569.291,763.973,276.195,Ax4
332,0.75519,2456.45,44.0006,172.235,16.1753,Ax4
333,0,3436.59,502.759,596.475,245.781,Ax4
334,0.5625,3332.69,31.9716,187.634,11.9976,Ax4
335,0,6382.78,481.087,633.129,258.193,Ax4
336,0,334.619,22.9171,31.2849,14.7334,Ax4
337,0,6380.28,519.728,721.149,289.657,Ax4
338,0.232282,1825.56,30.6078,107.533,14.3118,Ax4
339,0,5600.81,500.546,721.822,245.996,Ax4
340,0,375.424,22.9299,34.3788,13.7533,Ax4
341,0,6098.35,564.242,826.662,273.283,Ax4
342,0,1302.73,30.6001,105.675,12.1449,Ax4
343,0,5733.4,479.779,657.755,288.098,Ax4
344,0.18751,756.565,26.0076,59.1762,12.3649,Ax4
345,0,6257.98,544.077,742.252,316.023,Ax4
346,0,424.397,26.4147,40.2817,14.4978,Ax4
347,0,5819.19,544.852,764.402,295.064,Ax4
348,1.40842,401.504,24.6057,39.3594,14.0739,Ax4
349,0,5602.91,566.213,771.062,294.133,Ax4
350,0.209631,2915.42,39.9096,179.8,13.1811,Ax4
351,0,5855.98,533.39,722.724,283.118,Ax4
352,0.372141,1542.54,34.1683,96.8554,14.5656,Ax4
353,0,5954.96,481.747,694.119,271.924,Ax4
354,0.386857,4763.86,48.7874,284.007,14.0544,Ax4
355,0,4140.83,524.505,705.174,289.157,Ax4
356,0.250617,610.36,26.0339,43.7434,13.9605,Ax4
357,0,5513.19,501.81,749.033,254.715,Ax4
358,0,3136.07,41.0509,183.854,13.6141,Ax4
359,0,7091.63,601.163,958.375,284.485,Ax4
360,0.078125,506.741,25.539,51.5341,12.7843,Ax4
361,0,6295.82,500.257,787.927,260.465,Ax4
362,0.0625,228.601,21.6056,27.6373,13.0984,Ax4
363,0,4955.55,460.253,586.047,281.533,Ax4
364,0,5969.41,44.0921,331.295,13.771,Ax4
365,0,3438.41,406.438,538.313,238.02,Ax4
366,0,2526.22,33.9816,143.722,14.9933,Ax4
367,0,5492.52,496.172,720.223,241.737,Ax4
368,0,448.439,27.349,42.2489,14.1963,Ax4
369,0,4471.44,440.456,629.563,237.843,Ax4
370,0.625,1154.58,28.3193,74.2591,14.1363,Ax4
371,0,6309.81,402.402,557.438,229.791,Ax4
372,0.817891,549.876,26.2901,47.6734,14.7822,Ax4
373,0,3726.15,383.805,484.286,247.011,Ax4
374,0.420426,619.332,25.4384,52.8845,12.7855,Ax4
375,0,4308.54,363.411,483.51,195.263,Ax4
376,0.1875,419.881,26.1455,41.1479,13.5505,Ax4
377,0,6149.9,397.835,635.888,229.383,Ax4
378,0.0527344,212.445,20.2237,25.4617,11.3667,Ax4
379,0,3559.26,365.151,458.376,214.223,Ax4
380,0.216867,549.121,23.3294,41.5071,12.3789,Ax4
381,0,6151.09,450.543,748.921,225.699,Ax4
382,0,2135.58,30.025,122.231,12.2534,Ax4
383,0,6776.67,428.942,693.663,229.224,Ax4
384,0,561.913,25.7004,52.048,12.1515,Ax4
385,0,4724.85,405.657,563.266,220.711,Ax4
386,0.47005,320.688,23.9822,38.9711,11.7563,Ax4
387,0,2811.51,364.976,416.656,217.766,Ax4
388,0,355.316,21.3535,28.9596,12.8484,Ax4
389,0,6492.24,405.211,575.3,234.828,Ax4
390,0,170.186,19.1392,24.2949,10.548,Ax4
391,0,4754.5,428.745,600.901,220.577,Ax4
392,0.377918,2187.37,29.35,125.076,11.9482,Ax4
393,0,3523.54,378.055,491.231,213.641,Ax4
394,0,359.205,22.0109,34.4456,11.7495,Ax4
395,0,3682.05,380.008,520.04,205.105,Ax4
396,0.0625,287.772,25.6753,37.4673,13.2771,Ax4
397,0,4436.35,384.411,536.616,206.562,Ax4
398,0.394671,3053.83,32.534,178.929,11.6915,Ax4
399,0,7140,430.156,759.628,205.698,Ax4
400,0.4375,4128.25,38.208,224.825,12.4561,Ax4
401,0,3775.39,408.161,554.184,220.024,Ax4
402,0,283.782,24.5,37.8699,12.4572,Ax4
403,0,6300.17,411.8,615.046,195.725,Ax4
404,0.1875,571.531,21.6608,38.3156,12.7681,Ax4
405,0,3004.85,343.064,446.21,185.987,Ax4
406,0.5,2962.95,31.9807,163.345,12.2954,Ax4
407,0,4192.67,357.871,516.75,180.085,Ax4
408,0.382274,359.769,23.1221,35.2563,13.2415,Ax4
409,0,5878.47,435.621,667.625,228.941,Ax4
410,0.109375,1648.74,30.2808,95.3735,13.4481,Ax4
411,0,7179.86,395.549,792.268,186.862,Ax4
412,0,1789.9,28.9855,108.551,10.9636,Ax4
413,0,7155.55,385.433,726.614,175.262,Ax4
414,0.0625,831.619,26.1519,64.4063,13.0959,Ax4
415,0,3294.45,359.835,387.405,239.388,Ax4
416,0,221.366,21.954,30.3085,11.73,Ax4
417,0,3997.75,338.009,506.769,177.326,Ax4
418,0.416927,2967.41,29.8222,163.089,12.6797,Ax4
419,0,7215.57,385.435,672.09,196.122,Ax4
420,0,611.546,21.8972,48.3301,10.733,Ax4
421,0,3742.85,360.343,555.808,197.817,Ax4
422,0.0441942,854.316,22.539,58.1378,11.949,Ax4
423,0,6320.76,356.963,612.723,166.953,Ax4
424,0.4375,169.25,18.3082,21.9173,11.4934,Ax4
425,0,5252.89,365.165,638.345,175.614,Ax4
426,0,312.904,22.7274,34.2136,11.1975,Ax4
427,0,6405.66,354.153,538.451,185.795,Ax4
428,0.38118,791.43,29.2322,66.8724,13.6345,Ax4
429,0,6516.77,358.8,615.85,184.168,Ax4
430,0,427.49,22.6837,40.0436,12.5893,Ax4
431,0,3492.38,340.889,505.576,175.095,Ax4
432,0.592927,484.088,23.1182,39.3901,12.3268,Ax4
433,0,6930.24,385.785,691.239,157.489,Ax4
434,0,226.888,22.4433,29.3593,13.5045,Ax4
435,0,2805.48,318.046,421.055,160.248,Ax4
436,0,3118.33,37.0149,218.105,10.9753,Ax4
437,0,4070.46,306.475,431.553,168.6,Ax4
438,0.251733,7020.72,55.8558,423.732,11.8346,Ax4
439,0,6357.78,354.734,618.532,165.553,Ax4
440,0.342683,2041.45,30.0478,113.505,14.4837,Ax4
441,0,5874.79,324.733,560.311,164.378,Ax4
442,0.910014,1040.58,27.6013,71.6499,13.4175,Ax4
443,0,6585.67,304.107,529.484,162.304,Ax4
444,0.223716,321.246,22.1984,31.5051,13.3078,Ax4
445,0,4919.5,322.208,531.128,160.029,Ax4
446,0.646883,479.791,23.61,42.5791,12.029,Ax4
447,0,2958.56,274.643,358.038,149.558,Ax4
448,0.0625,579.577,21.6722,39.274,11.9689,Ax4
449,0,6541.31,311.244,527.014,157.459,Ax4
450,0.0317946,537.984,20.6822,39.5034,10.6312,Ax4
451,0,3539.07,279.482,445.975,142.52,Ax4
452,0.59703,555.166,23.4832,44.1274,11.9904,Ax4
453,0,4522.69,288.626,458.624,149.618,Ax4
454,0.144055,2960.67,27.8051,156.715,11.4585,Ax4
455,0,6947.26,289.225,596.825,151.135,Ax4
456,0.644235,734.855,23.9322,52.8502,11.8867,Ax4
457,0,3401.8,276.36,427.665,146.264,Ax4
458,0.125,346.146,21.2719,35.7457,11.5289,Ax4
459,0,3578.41,279.963,416.727,155.046,Ax4
460,0,597.183,22.838,42.9843,12.197,Ax4
461,0,3944.16,260.675,428.135,139.406,Ax4
462,0,358.688,22.1737,36.5959,11.1463,Ax4
463,0,2729.54,277.278,369.55,158.47,Ax4
464,0.147406,199.851,20.6309,25.6144,11.5385,Ax4
465,0,6240.96,328.759,613.094,136.35,Ax4
466,0.217069,484.644,27.7374,52.7053,12.2963,Ax4
467,0,5819.75,316.113,545.885,142.853,Ax4
468,0,646.64,21.2357,44.1053,10.7619,Ax4
469,0,3707.45,313.192,480.059,162.303,Ax4
470,0.176777,1900.14,31.6587,132.049,10.9611,Ax4
471,0,3470.08,315.207,463.515,162.649,Ax4
472,0,1199.09,25.9934,71.0127,12.2141,Ax4
473,0,5454.52,306.334,575.5,151.534,Ax4
474,0.510868,641.659,23.524,44.6095,13.1325,Ax4
475,0,7089.97,308.708,556.827,165.409,Ax4
476,0.434139,2833.33,35.6813,163.013,12.1802,Ax4
477,0,5081.38,320.813,559.726,151.722,Ax4
478,0.504859,367.893,21.8326,31.9765,11.8453,Ax4
479,0,5574.39,325.364,590.884,152.769,Ax4
480,0,643.595,20.7731,46.6692,9.77663,Ax4
481,0,5102.01,340.8,598.199,181.912,Ax4
482,0.517515,391.429,20.6621,33.8313,11.7611,Ax4
483,0,3176.41,266.559,406.035,134.127,Ax4
484,0,721.396,24.2833,50.1616,12.8724,Ax4
485,0,6865.8,307.421,668.553,133.959,Ax4
486,0,5516.59,33.56,288.917,10.6632,Ax4
487,0,6955.22,265.716,510.388,132.07,Ax4
488,0,548.67,23.3792,48.0318,10.857,Ax4
489,0,5242.41,303.166,600.899,126.564,Ax4
490,0,336.166,21.6958,32.2861,12.0475,Ax4
491,0,3286.21,256.298,421.445,117.088,Ax4
492,0.247053,249.207,19.2441,25.9979,11.3085,Ax4
493,0,3573.46,261.462,435.675,125.104,Ax4
494,0,3307.57,28.2176,176.819,10.9301,Ax4
495,0,4005.04,270.23,509.472,121.208,Ax4
496,0.03125,538.452,22.2769,42.0727,12.4864,Ax4
497,0,6847.7,262.861,542.875,126.675,Ax4
498,0.420426,240.873,19.2091,27.8437,10.7817,Ax4
499,0,4134.44,261.486,462.159,139.139,Ax4
500,0.5625,490.938,21.3562,35.6282,12.0053,Ax4
501,0,5180.48,242.89,450.675,125.452,Ax4
502,0.03125,382.548,23.023,40.2502,10.7003,Ax4
503,0,3062.07,202.619,290.104,120.334,Ax4
504,0.349386,546.06,19.0807,36.7422,11.0653,Ax4
505,0,6488.17,253.801,545.681,111.672,Ax4
506,0.206256,226.029,18.2039,22.754,11.6224,Ax4
507,0,3339.02,203.562,300.116,110.855,Ax4
508,0.375,302.627,19.1631,26.4323,11.3071,Ax4
509,0,3556.84,243.849,388.217,140.381,Ax4
510,0.062622,230.122,17.4441,25.1018,10.1293,Ax4
511,0,2968,216.19,347.383,105.414,Ax4
512,0,724.637,21.2506,44.3541,11.3567,Ax4
513,0,3155.95,217.073,348.757,123.236,Ax4
514,0,2417.77,28.3588,133.284,10.5203,Ax4
515,0,5441.46,212.982,421.043,109.564,Ax4
516,0.200098,214.386,17.7089,23.76,10.6369,Ax4
517,0,6832.39,234.959,548.278,118.67,Ax4
518,0,899.628,21.6129,56.3534,11.3255,Ax4
519,0,4107.26,211.947,433.762,95.27,Ax4
520,0.113752,3217.02,30.6847,184.104,10.5546,Ax4
521,0,3997.08,219.371,394.531,106.233,Ax4
522,0,3043.13,32.0092,173.493,10.4769,Ax4
523,0,4179.95,222.41,404.85,111.604,Ax4
524,0.174036,412.129,17.1448,27.7492,9.68014,Ax4
525,0,3757.81,190.769,286.453,103.584,Ax4
526,0.307777,348.473,20.216,29.1839,11.2359,Ax4
527,0,4337.48,205.677,362.539,113.725,Ax4
528,0,460.42,23.8653,45.4248,10.5825,Ax4
529,0,4229.88,255.118,492.449,104.859,Ax4
530,0.382274,260.021,17.9746,23.5868,11.361,Ax4
531,0,3982.15,215.946,422.04,99.9174,Ax4
532,0.0625,757.003,24.02,52.2575,11.6372,Ax4
533,0,4397.07,205.54,362.449,108.207,Ax4
534,0.65625,640.977,22.4206,48.2981,10.3912,Ax4
535,0,4009.56,193.886,395.943,98.2225,Ax4
536,0,1645.84,25.6656,95.4881,10.4154,Ax4
537,0,3014.34,188.561,306.889,100.996,Ax4
538,0.528716,324.175,21.0484,36.5926,10.7832,Ax4
539,0,4724.88,244.51,440.421,131.6,Ax4
540,0,217.757,20.0211,31.8293,10.467,Ax4
541,0,3701.81,203.517,385.027,103.957,Ax4
542,0.25,372.02,21.5636,34.4345,11.4371,Ax4
543,0,6691.81,218.21,518.575,107.907,Ax4
544,0,530.369,21.5772,41.6134,10.4456,Ax4
545,0,2845.77,202.782,354.546,101.113,Ax4
546,0.723332,531.045,22.0023,42.5147,11.9555,Ax4
547,0,4818.11,211.163,410.338,102.593,Ax4
548,0.5625,1485.94,28.1744,103.462,11.0115,Ax4
549,0,3206.54,209.554,362.081,105.719,Ax4
550,0.281684,402.017,19.7248,32.2012,11.235,Ax4
551,0,5326.14,215.041,450.717,102.382,Ax4
552,0.461401,2708.26,31.5562,162.265,10.9094,Ax4
553,0,5548.05,210.791,468.694,96.3682,Ax4
554,0.127553,1295.73,22.6528,72.2711,10.25,Ax4
555,0,3685.9,207.804,371.05,110.419,Ax4
556,0,369.085,21.069,30.0711,12.1413,Ax4
557,0,3791.14,231.454,426.283,114.893,Ax4
558,0.140625,354.673,18.6737,31.2403,10.7503,Ax4
559,0,3158.44,208.633,369.796,112.547,Ax4
560,0.21875,381.525,19.5752,34.6473,11.0744,Ax4
561,0,6953.6,225.494,505.807,98.6412,Ax4
562,0,819.936,23.7068,57.5071,10.5861,Ax4
563,0,2981.36,194.239,320.896,94.87,Ax4
564,0.4375,1436.85,25.178,83.5194,10.9947,Ax4
565,0,4595.17,205.081,430.568,96.4871,Ax4
566,0.226563,1789.59,25.8379,99.281,11.5644,Ax4
567,0,3678.1,205.158,374.728,102.615,Ax4
568,0.148438,1508.08,25.8721,89.912,11.0287,Ax4
569,0,3530.31,227.612,398.699,118.821,Ax4
570,0,847.79,20.2674,56.1428,9.06315,Ax4
571,0,3274.52,198.927,349.622,89.8582,Ax4
572,0.500244,628.008,21.88,46.0286,10.7713,Ax4
573,0,3636.27,189.109,314.528,104.261,Ax4
574,0.307777,542.389,23.8586,45.009,11.2987,Ax4
575,0,3417.87,200.485,360.311,93.1712,Ax4
576,0,310.74,20.2801,31.8166,11.1377,Ax4
577,0,2671.84,170.68,266.1,96.9943,Ax4
578,0.1875,820.359,21.5858,55.4453,10.7413,Ax4
579,0,3718.65,197.113,380.449,96.1267,Ax4
580,0.344105,290.246,18.9102,27.2294,11.0021,Ax4
581,0,4658.12,203.893,408.875,99.0469,Ax4
582,0.425046,544.518,23.6695,44.5363,11.6417,Ax4
583,0,3897.82,208.836,432.38,95.2033,Ax4
584,0,420.336,19.3282,34.741,10.7504,Ax4
585,0,3851.1,190.078,348.762,88.0537,Ax4
586,0.719429,2886.2,32.4811,158.688,11.1948,Ax4
587,0,3746.93,181.75,316.071,104.282,Ax4
588,0.422526,506.912,20.3588,38.3887,11.4463,Ax4
589,0,4567.45,164.995,353.438,85.2775,Ax4
590,0.09375,299.465,19.0973,31.0445,10.5313,Ax4
591,0,3963.37,175.939,344.465,94.2554,Ax4
592,0.4375,243.548,19.4756,28.6206,11.3355,Ax4
593,0,3642.46,167.816,305.002,89.9559,Ax4
594,0.691925,367.442,19.0007,33.0218,10.9921,Ax4
595,0,3147.62,165.844,323.34,85.1382,Ax4
596,0.716879,381.642,17.4507,29.7355,10.0434,Ax4
597,0,3063.09,185.445,350.476,101.056,Ax4
598,0,221.812,18.2415,22.9993,10.8764,Ax4
599,0,2620.06,164.603,268.434,86.3692,Ax4
600,0.125244,5490.54,31.3035,287.254,9.01258,Ax4
601,0,6739.6,156.521,417.446,73.1361,Ax4
602,0.35844,197.934,17.5497,23.6775,10.4952,Ax4
603,0,6820.45,193.771,567.85,81.7693,Ax4
604,0.291016,451.165,21.9611,42.5541,10.826,Ax4
605,0,2627.21,162.987,274.375,85.2337,Ax4
606,0.506067,671.038,23.2326,54.1487,10.5706,Ax4
607,0,6387.44,210.925,507.355,94.5293,Ax4
608,0.583798,1512.35,26.1365,88.8885,11.1832,Ax4
609,0,3683.56,171.711,300.11,92.2204,Ax4
610,0,463.447,17.5792,31.7708,10.5271,Ax4
611,0,2615.89,154.045,233.88,93.9513,Ax4
612,0.375,945.848,24.4882,63.5401,11.1245,Ax4
613,0,6809.55,187.141,474.044,88.9658,Ax4
614,0,251.249,18.55,27.2076,10.349,Ax4
615,0,4951.59,180.496,426.235,81.8727,Ax4
616,0.366189,425.088,21.9999,40.7925,11.3164,Ax4
617,0,6767.85,224.191,593.474,96.4657,Ax4
618,0,687.2,21.3316,48.8536,10.5814,Ax4
619,0,6687.73,187.068,459.384,90.1568,Ax4
620,0,595.583,18.7205,36.7863,9.92335,Ax4
621,0,5907,177.469,392.435,91.3945,Ax4
622,0.386428,1424.83,26.7691,82.4171,10.7805,Ax4
623,0,4863.41,190.917,432.484,81.287,Ax4
624,0.705032,1767.37,24.2809,96.2691,10.6358,Ax4
625,0,4193.57,197.617,460.422,85.7674,Ax4
626,0.1875,700.037,22.9036,49.0932,10.9226,Ax4
627,0,3715.13,187.946,302.719,96.8667,Ax4
628,0.250488,602.617,22.1384,46.3152,10.8765,Ax4
629,0,2496.42,182.101,229.954,123.506,Ax4
630,0.041524,736.06,20.3478,48.5017,8.95389,Ax4
631,0,6968.34,195.005,473.593,99.9976,Ax4
632,0.353553,389.056,21.5135,39.5721,10.331,Ax4
633,0,6589.13,192.665,505.515,97.4746,Ax4
634,0,698.293,19.4854,46.4081,10.0092,Ax4
635,0,6525.76,180.524,396.518,86.6446,Ax4
636,0,468.809,18.998,32.4932,10.3169,Ax4
637,0,2285.27,155.472,239.183,91.9221,Ax4
638,0.534914,509.733,20.4431,40.3943,10.4585,Ax4
639,0,6990.75,209.17,515.269,100.953,Ax4
640,0,488.14,24.3829,47.6612,10.6166,Ax4
641,0,2881.18,160.665,269.126,88.7329,Ax4
642,0.03125,247.767,19.368,29.1784,11.0258,Ax4
643,0,3505.03,142.389,262.26,81.6042,Ax4
644,0.0644235,372.603,19.1775,35.3174,9.92464,Ax4
645,0,3813.93,150.736,294.252,86.2057,Ax4
646,0.438615,467.818,20.1484,36.1341,10.2772,Ax4
647,0,3152.56,139.892,254.38,78.1635,Ax4
648,0.331663,469.329,21.369,43.7904,9.6969,Ax4
649,0,3667.08,160.421,325.685,78.7655,Ax4
650,0,527.556,20.0986,35.6219,10.6495,Ax4
651,0,4086.26,172.334,406.944,74.1753,Ax4
652,0.749685,283.468,16.9422,23.3344,9.8125,Ax4
653,0,3312.83,158.375,322.882,73.393,Ax4
654,0.109375,381.506,19.0874,34.4778,10.0303,Ax4
655,0,5402.08,171.608,464.229,71.4447,Ax4
656,0.349386,292.717,18.988,30.9399,9.46805,Ax4
657,0,3849.43,168.012,326.941,98.253,Ax4
658,0,263.188,19.2509,30.4242,11.1165,Ax4
659,0,5176.42,187.448,449.702,87.8077,Ax4
660,0.09375,3059.9,24.896,160.101,8.48452,Ax4
661,0,3566.09,149.654,276.335,80.9482,Ax4
662,0.166096,764.286,23.3217,61.5684,10.5847,Ax4
663,0,2670.54,149.541,243.581,79.1027,Ax4
664,0,250.947,17.1563,28.0236,9.92358,Ax4
665,0,2805.96,164.225,288.226,83.258,Ax4
666,0,324.418,18.9282,31.8208,10.0679,Ax4
667,0,2512.81,134.976,226.901,72.8792,Ax4
668,0.267457,1881.26,23.9724,100.947,9.30561,Ax4
669,0,2601.04,145.959,255.921,73.6757,Ax4
670,0.09375,260.136,20.6319,36.0661,10.2963,Ax4
671,0,2776.53,146.266,249.663,69.4203,Ax4
672,0.293567,251.586,16.3476,24.3292,9.58234,Ax4
673,0,3161.45,155.88,296.106,72.493,Ax4
674,0,487.356,21.1811,38.992,11.0564,Ax4
675,0,3960.99,167.167,380.798,78.4813,Ax4
676,0.300654,458.573,17.8795,31.8248,10.3609,Ax4
677,0,3724.96,158.709,323.705,79.798,Ax4
678,0,506.021,19.6472,42.3814,10.6089,Ax4
679,0,2410.99,155.616,256.448,84.9178,Ax4
680,0.500976,615.938,21.8411,42.9828,10.5198,Ax4
681,0,3355.76,159.908,334.243,75.0617,Ax4
682,0.447432,410.622,20.854,36.1147,10.1026,Ax4
683,0,2875.88,149.453,270.777,84.1079,Ax4
684,0.15625,317.426,19.581,28.9752,11.1882,Ax4
685,0,2488.88,153.584,259.295,75.8309,Ax4
686,0.46875,2672.2,32.0132,146.159,11.0325,Ax4
687,0,2921.98,156.251,306.026,75.1842,Ax4
688,0.24407,538.938,23.0855,41.4262,11.104,Ax4
689,0,3254.07,187.839,358.547,89.1591,Ax4
690,0.0234375,621.92,19.4709,44.5411,8.2529,Ax4
691,0,3318.32,162.742,341.066,79.9297,Ax4
692,0.31289,756.775,22.0142,54.2637,10.2095,Ax4
693,0,4153.05,167.914,419.55,68.6408,Ax4
694,0.615554,323.173,20.8064,38.2414,9.60342,Ax4
695,0,3734.94,147.231,310.588,70.7578,Ax4
696,0,266.713,20.1015,32.8782,11.0911,Ax4
697,0,4058.87,171.44,390.243,67.9697,Ax4
698,0.6875,1435.69,23.9817,86.8092,9.85829,Ax4
699,0,6629.25,151.911,454.469,67.7247,Ax4
700,0,395.635,18.7038,34.3451,10.539,Ax4
701,0,2947.78,163.154,347.362,75.2273,Ax4
702,0.125,6737.16,39.772,351.507,11.1936,Ax4
703,0,4877.39,183.352,432.183,74.8576,Ax4
704,0.125,158.462,18.3101,21.9394,10.6984,Ax4
705,0,3526.8,164.06,357.784,76.5333,Ax4
706,0,463.396,21.3201,44.4257,9.12489,Ax4
707,0,3610.72,147.886,307.22,77.0084,Ax4
708,0,432.618,17.9098,30.3424,10.1602,Ax4
709,0,7048.43,186.892,506.507,80.5188,Ax4
710,0,411.032,21.3438,35.0711,11.0302,Ax4
711,0,3460.77,155.699,306.833,71.8086,Ax4
712,0.237993,508.177,21.3749,43.5008,9.99243,Ax4
713,0,3783.42,171.79,384.706,71.9031,Ax4
714,0.21875,403.42,19.1949,36.9683,9.58366,Ax4
715,0,7222.11,191.633,531.808,79.8978,Ax4
716,0.611487,463.477,18.3894,33.7302,9.44739,Ax4
717,0,2959.6,160.751,333.301,77.2446,Ax4
718,0,269.495,16.6509,24.7421,9.70339,Ax4
719,0,3405.1,176.281,346.028,88.0048,Ax4
720,0.193271,385.535,17.6396,31.7164,10.076,Ax4
721,0,3446.09,172.665,374.282,65.5806,Ax4
722,0,418.732,17.8622,30.6787,10.6916,Ax4
723,0,6083.72,184.217,484.554,75.4705,Ax4
724,0.374532,200.289,16.5586,21.9755,10.5103,Ax4
725,0,3768.85,144.025,282.218,77.4386,Ax4
726,0.560121,637.934,20.6981,44.0886,11.2163,Ax4
727,0,0,0,0,0,Ax4
728,0,0,0,0,0,Ax4
729,0,0,0,0,0,Ax4
730,0,0,0,0,0,Ax4
731,0,0,0,0,0,Ax4
732,0,0,0,0,0,Ax4
733,0,0,0,0,0,Ax4
734,0,0,0,0,0,Ax4
