Time,Min,Max,Mean,StdDev,Median,Type,Minute-Interval
0,0.25,489.359,34.7796,53.5595,22.4452,AX4,0
1,3.23751,957.043,145.215,107.558,121.615,AX4,3.3
2,5.63335,755.269,144.095,104.294,118.453,AX4,6.6
3,3.03125,881.293,150.906,115.948,122.374,AX4,9.9
4,6.51261,811.388,151.923,114.543,117.434,AX4,13.2
5,3.42961,880.135,140.63,105.663,111.296,AX4,16.5
6,3.47848,1004.89,142.413,117.391,114.965,AX4,19.8
7,3.58766,753.888,159.173,121.331,124.97,AX4,23.1
8,7.14063,726.819,164.047,120.244,129.531,AX4,26.4
9,5.80128,1763.4,157.037,179.746,127.487,AX4,29.7
10,6.4297,1863.64,155.888,183.989,117.081,AX4,33
11,3.1875,1959.79,144.278,159.209,117.778,AX4,36.3
12,2.05409,2060.59,142.458,159.651,110.097,AX4,39.6
13,6.54604,645.537,129.779,103.312,102.306,AX4,42.9
14,0.760345,654.274,130.921,98.7622,109.297,AX4,46.2
15,2.6875,867.625,141.366,105.418,119.129,AX4,49.5
16,13.1002,1009.89,138.672,103.166,118.124,AX4,52.8
17,2.09986,996.437,145.619,123.46,117.181,AX4,56.1
18,2.38674,1062.34,141.712,109.615,122.978,AX4,59.4
19,2.97517,1294.28,152.121,148.856,121.523,AX4,62.7
20,0.65625,1252.97,151.693,153.744,116.969,AX4,66
21,6.55165,2647.27,151.184,189.607,120.401,AX4,69.3
22,9.19872,2605.29,152.828,195.383,123.654,AX4,72.6
23,1.60476,1826.12,149.981,143.047,124.314,AX4,75.9
24,5.04688,688.101,142.445,98.4807,122.872,AX4,79.2
25,0.6875,3545.13,155.463,257.745,112.035,AX4,82.5
26,4.75601,3522.5,149.062,235.605,113.638,AX4,85.8
27,0.890625,1728.17,161.68,171.243,129.599,AX4,89.1
28,1.18103,1674.74,153.523,152.474,127.877,AX4,92.4
29,2.41749,1411.72,165.05,148.904,137.331,AX4,95.7
30,0.988243,1445.51,165.269,147.675,135.303,AX4,99
31,7.52108,2064.58,152.656,179.605,115.424,AX4,102.3
32,3.68481,2055.8,149.657,181.325,113.483,AX4,105.6
33,3.69781,2775.4,157.452,200.966,123.572,AX4,108.9
34,9,1382.61,151.633,146.02,116.795,AX4,112.2
35,5.21937,850.494,140.461,106.928,117.329,AX4,115.5
36,5.36113,809.035,135.047,102.118,114.787,AX4,118.8
37,2.0039,798.446,136.9,115.545,103.822,AX4,122.1
38,4.09375,787.306,134.606,113.394,107.212,AX4,125.4
39,5.33527,1518,137.184,129.493,106.342,AX4,128.7
40,6.84831,1526.06,139.527,134.75,108.656,AX4,132
41,3.1418,2770.67,130.248,189.701,97.5166,AX4,135.3
42,0.96875,2878.05,133.345,198.959,96.0625,AX4,138.6
43,2.849,1098.48,130.345,118.663,105.462,AX4,141.9
44,5.75849,1092.94,132.003,117.522,105.199,AX4,145.2
45,4.6904,2029.6,132.528,148.597,107.253,AX4,148.5
46,1.04068,2029.62,129.887,144.647,110.439,AX4,151.8
47,2.96834,1077.8,133.298,119.048,107.685,AX4,155.1
48,6.7661,1393.56,132.943,128.849,106.274,AX4,158.4
49,4.10938,1848.2,138.114,172.439,106.072,AX4,161.7
50,1.54688,1976.75,136.032,175.323,102.851,AX4,165
51,3.79688,1828.57,127.254,137.205,101.272,AX4,168.3
52,2.24219,1820.58,128.874,164.819,97.4332,AX4,171.6
53,3.81864,1138.8,129.331,123.502,99.4664,AX4,174.9
54,3.13281,1093.83,128.522,109.148,102.212,AX4,178.2
55,3.98976,2055.71,129.896,166.339,91.3396,AX4,181.5
56,1.22793,2035.91,124.526,158.616,88.9275,AX4,184.8
57,1.75112,1090.95,120.648,103.277,97.0233,AX4,188.1
58,5.33122,2673.04,126.368,178.73,97.839,AX4,191.4
59,2.39063,3267.29,134.007,219.682,97.9515,AX4,194.7
60,0.954093,3308.07,135.733,230.912,97.1471,AX4,198
61,0.75,1213.05,116.635,121.359,90.1672,AX4,201.3
62,1.23148,1291.81,123.206,141.969,91.8227,AX4,204.6
63,5.34375,738.296,119.076,97.5507,96.0946,AX4,207.9
64,2.28854,781.421,114.311,92.6093,93.5447,AX4,211.2
65,4.84375,774.612,110.276,92.6907,88.8302,AX4,214.5
66,1.38852,779.654,110.289,95.9904,86.1383,AX4,217.8
67,1.92188,1489.54,117.39,109.953,94.5761,AX4,221.1
68,1.90625,1471.33,113.792,112.314,90.9738,AX4,224.4
69,1.65625,3259.88,128.695,201.378,87.801,AX4,227.7
70,1.00305,3263.41,126.279,193.484,88.341,AX4,231
71,5.875,392.395,111.943,76.9158,93.3764,AX4,234.3
72,1.80501,1126.72,114.701,97.2677,93.8794,AX4,237.6
73,3.58644,3112.75,142.468,263.757,95.6174,AX4,240.9
74,2.70746,3115.01,143.074,264.155,96.229,AX4,244.2
75,2.98189,2909.67,136.342,250.917,89.2102,AX4,247.5
76,5,2902.84,137.21,247.062,91.9896,AX4,250.8
77,6.11361,2647.13,140.298,207.683,95.3469,AX4,254.1
78,2.41265,2626.31,138.165,197.891,94.5771,AX4,257.4
79,4.17647,1581.46,127.044,140.935,96.7366,AX4,260.7
80,1.33991,1583.31,121.142,129.87,94.8751,AX4,264
81,2.26563,533.693,111.668,82.3109,93.8392,AX4,267.3
82,0.895409,495.224,110.334,81.3043,90.9783,AX4,270.6
83,2.42188,1215.47,121.092,125.519,92.2895,AX4,273.9
84,0.523394,1191.94,120.7,126.565,90.1544,AX4,277.2
85,4.44025,2837.55,125.911,175.283,94.8721,AX4,280.5
86,2.3787,2835.19,122.09,171.578,92.5515,AX4,283.8
87,5.28957,2805.89,126.395,177.431,96.0156,AX4,287.1
88,0.223716,2803.93,126.53,169.578,100.928,AX4,290.4
89,0.195313,2564.5,128.389,163.963,96.468,AX4,293.7
90,2.97224,2590.18,126.185,155.958,94.8945,AX4,297
91,1.84375,3216.35,120.746,193.922,86.5163,AX4,300.3
92,1.98438,3221.53,125.228,201.455,88.1011,AX4,303.6
93,0.328125,3522.31,127.382,200.699,93.2369,AX4,306.9
94,4.29688,3514.81,133.559,227.488,92.9204,AX4,310.2
95,0.696847,2851.47,120.832,165.421,98.4639,AX4,313.5
96,0.804688,2854.69,128.022,196.786,95.7269,AX4,316.8
97,6.59442,3056.64,134.672,245.334,97.3122,AX4,320.1
98,3.75745,3054.51,135.461,247.101,96.2936,AX4,323.4
99,5.06088,1682.02,134.962,144.392,97.8281,AX4,326.7
100,0.328125,1684.06,135.356,144.898,101.778,AX4,330
101,2.72115,604.933,111.248,82.0508,91.2576,AX4,333.3
102,3.30132,607.485,111.177,84.0392,92.6594,AX4,336.6
103,1.4375,2597.05,123.454,160.727,92.3873,AX4,339.9
104,3.42505,2588.36,123.63,159.602,91.4757,AX4,343.2
105,0.0625,618.82,108.405,87.3614,89.0121,AX4,346.5
106,1.25,769.86,112.513,93.6316,93.9068,AX4,349.8
107,4.76563,788.426,117.199,93.3889,91.9882,AX4,353.1
108,0.46875,759.157,116.88,94.3514,90.4824,AX4,356.4
109,0,1786.52,128.812,152.765,98.3889,AX4,359.7
110,0,1803.52,128.318,151.197,100.745,AX4,363
111,0.625,1193.66,122.278,111.76,89.8375,AX4,366.3
112,0.796875,1222.31,122.825,111.687,93.9932,AX4,369.6
113,3.03318,2131.55,115.46,151.39,80.547,AX4,372.9
114,3.84293,2132.74,115.062,146.961,81.8668,AX4,376.2
115,6.00781,1470.19,114.76,116.973,83.9628,AX4,379.5
116,1.20708,1473.34,113.487,113.652,84.7858,AX4,382.8
117,2.20634,1648.43,124.155,159.911,81.9586,AX4,386.1
118,0.03125,1644.85,123.78,161.196,82.4005,AX4,389.4
119,5.22803,1620.47,120.921,126.866,91.6457,AX4,392.7
120,2.778,1621.8,120.519,124.789,89.6513,AX4,396
121,1.45313,3159.81,141.021,272.084,88.7838,AX4,399.3
122,0.182385,3160.86,142.922,272.731,92.8162,AX4,402.6
123,1.375,2581.03,135.314,231.789,83.0109,AX4,405.9
124,1.91693,2600.4,137.969,232.377,88.9334,AX4,409.2
125,5.48227,2532.33,123.804,162.588,89.0469,AX4,412.5
126,3.02113,2552.02,124.679,163.843,87.5433,AX4,415.8
127,1.6875,1586.46,114.009,122.203,87.1791,AX4,419.1
128,1.85129,1565.89,117.143,127.836,87.4035,AX4,422.4
129,2.432,3489.67,125.759,217.737,81.0612,AX4,425.7
130,1.68236,3483.81,127.271,217.366,83.7013,AX4,429
131,3.17116,2956.27,115.293,175.735,81.0748,AX4,432.3
132,0.413694,2966.06,117.567,177.459,79.3927,AX4,435.6
133,0.523845,1319.64,121.815,139.884,89.1725,AX4,438.9
134,1.85938,1322.21,118.553,125.007,88.5547,AX4,442.2
135,0.844654,1619,123.974,166.213,79.7594,AX4,445.5
136,2.42188,1633.54,129.322,179.674,80.4886,AX4,448.8
137,5.76941,1563.57,116.016,125.634,83.5854,AX4,452.1
138,2.60274,1516.97,116.239,121.493,86.8256,AX4,455.4
139,0,1648.08,111.139,118.336,84.4729,AX4,458.7
140,0,1646.57,111.76,121.28,86.4986,AX4,462
141,0,1504.21,119.437,128.302,86.6313,AX4,465.3
142,4.10188,627.348,117.35,104.945,89.3511,AX4,468.6
143,0.757813,1869.97,128.347,182.874,74.757,AX4,471.9
144,0,1857.46,130.315,188.477,76.1118,AX4,475.2
145,0,1932.68,136.797,190.602,83.055,AX4,478.5
146,0,1930.78,138.957,190.678,86.2627,AX4,481.8
147,0,2540.6,126.029,170.044,90.1075,AX4,485.1
148,0,2536.05,126.03,169.79,85.9796,AX4,488.4
149,1.80531,2088.39,128.698,165.291,90.9098,AX4,491.7
150,0.884436,2096.41,126.56,166.357,85.8243,AX4,495
151,0.821799,3488.6,126.654,224.625,73.0444,AX4,498.3
152,3.04704,3488.98,125.54,219.026,75.3627,AX4,501.6
153,0,976.174,115.958,115.467,78.7758,AX4,504.9
154,0,1044.41,120.332,125.982,79.8085,AX4,508.2
155,0,960.384,113.885,115.273,79.8821,AX4,511.5
156,0,960.162,116.984,118.892,81.3613,AX4,514.8
157,4.25,1275.42,124.847,143.718,89.638,AX4,518.1
158,3.04902,1272,124.74,143.883,85.6381,AX4,521.4
159,1.43886,2710.9,138.304,231.804,91.6507,AX4,524.7
160,0.406926,2712.46,140.349,232.639,93.044,AX4,528
161,3.54884,2845.94,140.853,256.883,81.5829,AX4,531.3
162,1.3295,2842.11,138.685,253.361,81.8935,AX4,534.6
163,1.39063,2184.87,135.529,211.975,84.694,AX4,537.9
164,1.30326,2186.86,135.253,210.994,87.0983,AX4,541.2
165,2.46301,1556.39,138.217,162.989,93.659,AX4,544.5
166,3.14447,1569.26,140.532,161.437,96.2195,AX4,547.8
167,4.29838,1387.91,127.038,153.878,90.9409,AX4,551.1
168,0.882813,1416.46,128.569,158.823,90.7086,AX4,554.4
169,4.55221,1768.28,142.947,201.141,82.4677,AX4,557.7
170,0,1770.86,141.045,198.934,86.019,AX4,561
171,0,1844.56,134.179,166.949,86.6059,AX4,564.3
172,0,1835.8,137.782,168.358,89.7157,AX4,567.6
173,0,3278.66,156.744,270.86,86.1068,AX4,570.9
174,0,3278.09,158.714,274.864,85.128,AX4,574.2
175,3.34701,2763.62,152.125,248.656,92.6257,AX4,577.5
176,0.875,2750.03,148.241,243.065,91.9146,AX4,580.8
177,0.189775,1913.56,132.351,194.037,79.3438,AX4,584.1
178,2.78125,2489.23,147.701,244.613,82.7865,AX4,587.4
179,4.85868,2045.26,147.564,190.633,89.7293,AX4,590.7
180,1.09375,1255.27,139.63,159.058,87.075,AX4,594
181,0.347481,3215.78,168.737,290.612,91.97,AX4,597.3
182,3.14,3210.67,171.139,291.331,92.8565,AX4,600.6
183,1.98384,2782.85,177.666,301.708,96.0481,AX4,603.9
184,2.63295,2786.46,173.431,292.85,98.5335,AX4,607.2
185,1.03326,3204.45,164.673,272.394,88.782,AX4,610.5
186,3.76848,2155.46,171.209,264.164,89.6105,AX4,613.8
187,0.908403,1863.2,157.576,233.273,90.8428,AX4,617.1
188,3.70639,1875.45,154.563,218.617,88.1711,AX4,620.4
189,0.139754,1997.45,152.761,212.853,93.3103,AX4,623.7
190,3.61112,2002.55,159.788,223.309,95.9548,AX4,627
191,3.10383,1974.69,166.946,222.901,102.986,AX4,630.3
192,2.15139,1984.45,173.99,236.335,102.498,AX4,633.6
193,2.28125,2024.7,166.654,234.607,100.677,AX4,636.9
194,4.42356,2043.98,168.418,230.176,99.6719,AX4,640.2
195,2.37217,3120.87,193.789,354.487,91.9403,AX4,643.5
196,0.594982,3124.93,190.454,342.172,94.7752,AX4,646.8
197,0.40625,3583.38,180.818,330.164,94.2162,AX4,650.1
198,0.125,3592.42,170.985,302.818,94.7149,AX4,653.4
199,2.67485,2429.7,156.658,217.572,95.2309,AX4,656.7
200,2,2426.98,163.304,231.859,96.4489,AX4,660
201,4.51335,1521.08,145.418,183.356,89.4862,AX4,663.3
202,2.16271,1041.3,141.321,154.396,93.6279,AX4,666.6
203,0.563584,2693.64,156.556,244.316,85.9417,AX4,669.9
204,3.73216,2717.54,159.799,234.25,90.7424,AX4,673.2
205,7.07267,3385.28,172.868,282.08,91.1959,AX4,676.5
206,3.21262,3387.43,170.225,271.005,94.5848,AX4,679.8
207,2.81684,3257.55,186.355,331.252,100.828,AX4,683.1
208,5.07344,3255.19,188.199,338.614,98.0441,AX4,686.4
209,1.60065,1837.22,159.612,216.117,93.9279,AX4,689.7
210,0.56963,1825.66,167.171,230.431,99.42,AX4,693
211,1.53125,1680.98,161.291,218.955,99.1386,AX4,696.3
212,1.35145,1662.27,157.452,210.972,98.5313,AX4,699.6
213,0.629137,2253.7,172.326,239.101,107.268,AX4,702.9
214,1.14905,2311.35,176.446,242.621,104.308,AX4,706.2
215,1.84375,2207.18,171.442,217.084,108.764,AX4,709.5
216,4.99414,2182.78,174.336,218.544,107.533,AX4,712.8
217,7.473,1366.72,164.884,173.172,105.923,AX4,716.1
218,4.89113,1583.76,166.553,187.676,111.347,AX4,719.4
219,3.7329,1427.08,163.084,200.623,94.6948,AX4,722.7
220,6.33894,1412,167.094,202.639,100.907,AX4,726
221,2.53433,1992.23,189.389,276.473,103.792,AX4,729.3
222,3.13825,1993.36,185.369,272.862,98.7431,AX4,732.6
223,2.22371,2651.58,179.342,279.917,109.683,AX4,735.9
224,1.59444,2648.82,183.81,283.409,110.26,AX4,739.2
225,5.49363,2888.84,192.63,326.277,91.0061,AX4,742.5
226,4.03612,2877.37,195.07,326.72,96.413,AX4,745.8
227,5.05681,2028.8,195.96,275.924,103.286,AX4,749.1
228,0.577967,2038.04,194.98,274.855,102.785,AX4,752.4
229,2.02264,2477.75,185.852,291.221,103.683,AX4,755.7
230,0.421875,2472.21,179.392,278.11,99.3567,AX4,759
231,3.61098,3307.42,191.398,283.22,110.656,AX4,762.3
232,3.06729,1683.77,259.687,292.37,147.419,AX4,765.6
233,1.1675,1987.66,160.556,199.902,95.3886,AX4,768.9
234,2.59149,2293.74,195.43,268.63,108.496,AX4,772.2
235,0.645938,2297.93,191.919,264.616,111.185,AX4,775.5
236,2.66406,1385.89,174.403,207.233,103.191,AX4,778.8
237,0.875,1384.77,183.649,215.126,111.284,AX4,782.1
238,1.52219,1784.92,182.421,228.896,104.469,AX4,785.4
239,1.79688,1777.78,179.617,221.62,106.907,AX4,788.7
240,5.05028,1970.11,179.354,244.049,107.657,AX4,792
241,2.69662,1982.69,183.613,250.316,109.935,AX4,795.3
242,3.61111,1607.97,168.733,208.06,94.695,AX4,798.6
243,4.63776,1641.61,172.587,220.874,92.3862,AX4,801.9
244,3.6411,1890.16,187.166,261.19,109.364,AX4,805.2
245,4.17781,1881.07,179.754,243.297,111.144,AX4,808.5
246,2.56935,1584.93,166.272,217.262,97.1956,AX4,811.8
247,1.16406,1773.34,167.727,226.145,95.6948,AX4,815.1
248,4.61719,2878.08,202.047,298.17,113.772,AX4,818.4
249,3.78125,2885.41,196.586,287.701,109.859,AX4,821.7
250,3.36399,1664.85,188.366,224.043,124.765,AX4,825
251,2.12791,1663.61,193.45,230.147,126.113,AX4,828.3
252,1.50984,1889.86,186.331,211.132,111.316,AX4,831.6
253,1.77344,1880.21,188.818,210.647,119.535,AX4,834.9
254,1.64063,1278.93,173.908,184.782,107.015,AX4,838.2
255,3.52812,1265.25,177.912,186.246,111.309,AX4,841.5
256,0.370497,2619.55,197.938,259.687,114.941,AX4,844.8
257,4.37166,2613.98,195.459,258.975,114.023,AX4,848.1
258,6.09313,1628.37,190.121,234.616,118.778,AX4,851.4
259,3.96426,1618.33,189.086,227.235,118.974,AX4,854.7
260,5.89965,2556.87,212.279,293.868,118.786,AX4,858
261,6.37148,2532.52,216.765,292.745,122.941,AX4,861.3
262,3.58559,1794.57,201.472,234.394,117.463,AX4,864.6
263,6.55986,1823.37,206.053,235.641,119.559,AX4,867.9
264,3.30808,2579,216.997,304.75,131.345,AX4,871.2
265,0.34375,2590.12,214.909,310.119,124.369,AX4,874.5
266,2.67188,2904.53,206.755,272.504,121.699,AX4,877.8
267,0.296875,2944.1,202.373,266.292,118.095,AX4,881.1
268,2.45313,2019.99,215.829,263.293,121.039,AX4,884.4
269,0.374964,2016.27,218.874,270.791,119.423,AX4,887.7
270,0.122035,1671.37,198.193,216.496,123.469,AX4,891
271,3.59905,1700.07,194.99,217.376,121.07,AX4,894.3
272,2.55032,1960.99,212.453,263.048,123.918,AX4,897.6
273,1.27927,1987.32,215.986,276.289,121.236,AX4,900.9
274,2.48825,2778.6,232.102,321.925,125.995,AX4,904.2
275,1.45782,2781.46,225.531,306.542,132.612,AX4,907.5
276,1.31404,1680.54,204.365,252.029,128.889,AX4,910.8
277,3.36431,1680.79,218.988,280.26,132.809,AX4,914.1
278,2.04816,2933.45,189.658,235.571,131.405,AX4,917.4
279,2.16957,2777.96,185.627,222.277,128.959,AX4,920.7
280,4.65515,3184.76,255.995,394.711,147.658,AX4,924
281,1.64562,3769.68,262.628,421.234,149.516,AX4,927.3
282,2.42974,1617.62,208.708,212.802,154.829,AX4,930.6
283,1.35796,1864.22,208.714,233.552,135.08,AX4,933.9
284,2.4192,2041.13,215.523,266.07,132.022,AX4,937.2
285,3.65625,2035.25,224.921,276.092,132.625,AX4,940.5
286,4.73014,2086.46,208.694,240.206,131.829,AX4,943.8
287,4.48067,2040.2,215.32,248.473,135.445,AX4,947.1
288,4.32542,2442.45,227.607,284.506,142.687,AX4,950.4
289,1.13281,2479.82,218.066,274.443,138.418,AX4,953.7
290,1.75028,1932.92,230.277,278.239,136.066,AX4,957
291,7.17308,1930.61,234.798,287.514,136.098,AX4,960.3
292,2.20535,1889.47,248.746,285.75,150.501,AX4,963.6
293,3.68117,1839.54,236.422,251.454,150.971,AX4,966.9
294,6.64482,3230.29,251.263,328.555,148.99,AX4,970.2
295,1.03906,3188.53,246.047,320.677,140.108,AX4,973.5
296,1.80366,1882.24,250.961,316.845,142.865,AX4,976.8
297,3.20176,1862.89,258.393,324.842,141.603,AX4,980.1
298,3.08893,2811.66,238.723,293.978,144.026,AX4,983.4
299,2.43995,2789.5,248.005,303.093,146.974,AX4,986.7
300,1.7846,2733.83,268.624,331.565,156.727,AX4,990
301,1.7805,2731.65,270.162,331.403,157.487,AX4,993.3
302,3.1513,2381.33,256.045,284.559,153.338,AX4,996.6
303,5.62849,2379.54,263.129,301.434,150.158,AX4,999.9
304,4.58622,2280.01,263.801,333.668,143.504,AX4,1003.2
305,3.00004,2271.81,259.165,322.698,139.996,AX4,1006.5
306,1.76002,2319.22,261.537,338.336,141.701,AX4,1009.8
307,0.64504,2298.65,259.328,333.258,144.979,AX4,1013.1
308,5.11518,2332.59,266.52,347.901,146.376,AX4,1016.4
309,5.23717,2343.01,261.155,334.137,146.267,AX4,1019.7
310,5.725,1953.7,248.702,280.166,163.355,AX4,1023
311,4.85716,1958.3,250.216,284.754,155.211,AX4,1026.3
312,3.90625,2299.62,249.373,304.225,148.579,AX4,1029.6
313,1.74063,2277.5,236.926,294.809,137.977,AX4,1032.9
314,7.64548,3253.72,269.687,358.918,157.991,AX4,1036.2
315,3.23268,3261.13,264.17,358.379,152.825,AX4,1039.5
316,3.17273,3318.37,330.371,455.575,179.348,AX4,1042.8
317,4.01389,3325.02,318.442,451.367,172.679,AX4,1046.1
318,2.28146,2156.1,274.638,327.614,156.249,AX4,1049.4
319,1.15889,2160.42,278.205,330.244,152.794,AX4,1052.7
320,2.73004,2487.48,249.459,312.406,143.555,AX4,1056
321,3.14202,2490.44,237.12,307.171,140.695,AX4,1059.3
322,0.734375,3458.05,280.145,376.685,148.059,AX4,1062.6
323,1.86926,3459.2,276.401,374.36,149.281,AX4,1065.9
324,4.65237,3068.56,283.416,369.149,158.858,AX4,1069.2
325,2.09707,3075.54,282.339,371.287,159.215,AX4,1072.5
326,1.85253,1805.4,257.581,303.958,145.096,AX4,1075.8
327,1.89681,1796.26,256.921,302.793,147.126,AX4,1079.1
328,1.80183,3232,300.665,429.733,144.703,AX4,1082.4
329,0.0625,3252.55,284.859,409.77,135.141,AX4,1085.7
330,0.492683,2034.32,287.571,368.09,140.725,AX4,1089
331,1.38052,1961.71,278.654,353.044,136.234,AX4,1092.3
332,3.87613,1705.48,247.317,285.403,126.911,AX4,1095.6
333,2.14063,2064.84,251.345,303.112,129.79,AX4,1098.9
334,1.40842,3190.17,247.704,331.651,126.312,AX4,1102.2
335,2.73402,3201.15,241.776,315.709,132.433,AX4,1105.5
336,3.09337,2619.41,259.071,328.369,147.223,AX4,1108.8
337,3.24895,2570.61,256.035,332.888,139.066,AX4,1112.1
338,5.12548,2809.22,260.113,370.678,128.328,AX4,1115.4
339,0.878906,2811.91,249.893,360.155,128.035,AX4,1118.7
340,2.93476,2952.95,267.056,379.915,139.372,AX4,1122
341,2.25049,2949.71,274.531,378.053,139.387,AX4,1125.3
342,1.56883,2864.89,246.465,331.319,146.394,AX4,1128.6
343,3.44304,2876.25,241.275,327.948,141.725,AX4,1131.9
344,2.6711,3122.82,266.43,329.938,177.357,AX4,1135.2
345,1.17807,3134.37,261.557,332.419,148.251,AX4,1138.5
346,0.5,2890.61,273.102,359.233,144.503,AX4,1141.8
347,2.35436,2902.75,268.598,359.169,149.716,AX4,1145.1
348,1.78746,2209.54,262.763,327.054,143.841,AX4,1148.4
349,1.32031,2206.66,266.456,333.502,144.715,AX4,1151.7
350,4.20548,2938.73,268.423,365.572,145.935,AX4,1155
351,4.01268,2934.04,263.692,355.527,149.903,AX4,1158.3
352,6.9324,2466.36,241.245,329.528,135.453,AX4,1161.6
353,2.48126,2979.79,240.126,339.368,135.423,AX4,1164.9
354,3.85638,2080.66,260.234,341.213,146.546,AX4,1168.2
355,5.4082,2081.63,254.549,331.765,143.289,AX4,1171.5
356,3.32078,2758.59,244.165,344.985,124.33,AX4,1174.8
357,4.03428,2772.79,247.757,352.359,124.232,AX4,1178.1
358,0.546875,3545.07,294.817,457.32,143.592,AX4,1181.4
359,1.55891,3545.76,293.077,457.802,136.504,AX4,1184.7
360,0.598868,3148.47,256.83,395.778,134.251,AX4,1188
361,4.1426,3143.14,251.471,396.443,128.388,AX4,1191.3
362,1.6518,2480.24,221.444,290.771,132.69,AX4,1194.6
363,1.65625,2473.94,227.107,281.283,142.224,AX4,1197.9
364,3.40931,1946.98,217.301,291.341,125.508,AX4,1201.2
365,1.03125,1738.16,201.19,258.668,121.75,AX4,1204.5
366,5.44073,2746.56,248.842,349.462,123.815,AX4,1207.8
367,5.24537,2747.29,243.501,341.057,127.339,AX4,1211.1
368,1.0016,2012.47,221.097,310.624,127.738,AX4,1214.4
369,1.1032,2237.02,218.02,307.073,119.012,AX4,1217.7
370,1.62958,1514.3,188.412,229.646,112.373,AX4,1221
371,0.300553,1575.52,196.166,237.598,115.405,AX4,1224.3
372,0.922405,1837.82,190.68,238.148,113.369,AX4,1227.6
373,0.815649,1859.91,192.375,241.141,121.588,AX4,1230.9
374,4.469,2156.3,187.88,251.99,102.096,AX4,1234.2
375,1.49223,2131.19,182.073,240.119,101.175,AX4,1237.5
376,3.41406,3086.05,195.018,281.593,118.596,AX4,1240.8
377,1.83254,3070.23,195.804,289.353,116.004,AX4,1244.1
378,2.62742,1774.27,186.852,230.307,111.551,AX4,1247.4
379,2.94634,1782.54,182.778,223.903,113.9,AX4,1250.7
380,1.45849,3080.93,221.165,365.62,117.596,AX4,1254
381,1.39929,3005.98,221.856,361.36,119.94,AX4,1257.3
382,0.914063,2863,203.39,296.343,113.801,AX4,1260.6
383,3.46875,2859.04,208.633,304.354,116.393,AX4,1263.9
384,2.65211,2356.4,200.797,279.281,104.578,AX4,1267.2
385,3.73565,2363.36,204.501,281.694,113.53,AX4,1270.5
386,1.20191,1412.2,182.584,208.588,110.054,AX4,1273.8
387,0.795649,1451.7,182.639,208.871,110.835,AX4,1277.1
388,6.94644,3253.97,202.766,286.503,117.57,AX4,1280.4
389,0.814191,3249.12,201.993,286.526,116.614,AX4,1283.7
390,0.768579,2371.19,214.96,298.497,112.552,AX4,1287
391,1.1032,2373.78,215.155,302.894,116.526,AX4,1290.3
392,2.63039,1766.13,176.091,218.391,103.494,AX4,1293.6
393,3.09517,1763.5,183.272,227.15,109.16,AX4,1296.9
394,1.42838,1837.78,202.672,265.313,108.674,AX4,1300.2
395,2.47898,1846.3,189.58,254.142,102.063,AX4,1303.5
396,0.3125,1940.98,179.037,230.808,103.307,AX4,1306.8
397,1.10554,1964.35,190.457,254.216,101.366,AX4,1310.1
398,3.16355,3579.08,207.896,347.954,102.477,AX4,1313.4
399,4,3592.03,214.699,360.504,104.107,AX4,1316.7
400,0.4375,2064.12,204.573,284.916,108.378,AX4,1320
401,0.28125,1888.2,202.995,268.73,112.184,AX4,1323.3
402,1.81196,3152.46,201.437,305.507,96.2697,AX4,1326.6
403,3.54991,3149.14,207.693,307.002,100.519,AX4,1329.9
404,2.76563,1442.62,178.256,229.208,92.318,AX4,1333.2
405,2.95011,1553.1,173.49,222.784,98.7629,AX4,1336.5
406,1.67969,2094.89,188.168,265.684,95.054,AX4,1339.8
407,3.1269,2101.39,177.798,249.447,90.5381,AX4,1343.1
408,2.60748,2935.7,208.377,301.996,115.843,AX4,1346.4
409,0.486638,2946.52,213.523,310.086,118.988,AX4,1349.7
410,1.25,3593.61,203.159,399.515,98.2753,AX4,1353
411,2.21875,3593.07,200.711,394.357,97.4442,AX4,1356.3
412,1.24452,3575.14,186.7,358.424,80.4597,AX4,1359.6
413,2.98623,3576.53,196.842,363.606,88.636,AX4,1362.9
414,1.13425,1616.18,186.356,199.52,121.702,AX4,1366.2
415,5.98865,1631.87,181.219,192.02,120.966,AX4,1369.5
416,3.21378,1802.9,174.093,252.318,93.9693,AX4,1372.8
417,3.17326,1778.82,172.227,249.108,90.9767,AX4,1376.1
418,1.44531,2165.29,182.486,275.083,98.7177,AX4,1379.4
419,0.625,2169.67,182.983,277.133,97.1846,AX4,1382.7
420,2.62742,1871.45,186.067,285.78,101.186,AX4,1386
421,2.51563,1855.79,184.028,277.663,101.209,AX4,1389.3
422,0.228708,1732.44,169.526,257.157,87.8857,AX4,1392.6
423,0.596225,1732.28,174.286,271.451,89.5634,AX4,1395.9
424,0.078125,2616.29,186.874,327.713,86.1717,AX4,1399.2
425,1.18688,2628.5,183.117,318.711,87.8293,AX4,1402.5
426,1.55798,2824.57,183.31,266.722,97.4956,AX4,1405.8
427,0.647307,1595.94,176.717,232.458,93.3538,AX4,1409.1
428,0.796875,2841.04,165.271,236.162,95.8088,AX4,1412.4
429,0.96875,2846.8,173.129,251.939,99.3458,AX4,1415.7
430,0.53125,1759.34,177.456,267.191,84.724,AX4,1419
431,2.58979,1700.94,168.907,249.126,86.5361,AX4,1422.3
432,3.89242,2800.69,180.169,287.773,83.7105,AX4,1425.6
433,0.948889,2804.72,184.404,298.368,81.1625,AX4,1428.9
434,3.61642,1402.33,159.551,215.299,79.4386,AX4,1432.2
435,2.16895,1405.77,157.565,204.66,79.5478,AX4,1435.5
436,2.08297,2338.23,161.798,245.879,84.0246,AX4,1438.8
437,0.859375,3688.01,167.076,288.627,81.7768,AX4,1442.1
438,0.5,3175.61,185.919,331.512,82.6985,AX4,1445.4
439,2.14453,3175.63,178.362,308.088,86.1007,AX4,1448.7
440,1.65728,1843.42,147.053,208.991,82.0084,AX4,1452
441,0.953125,1784.81,155.708,226.842,81.1437,AX4,1455.3
442,0.15625,3296.05,155.565,271.472,75.8956,AX4,1458.6
443,1.29481,3293.81,155.135,262.889,86.3169,AX4,1461.9
444,0.652519,1887.33,150.982,224.147,82.3542,AX4,1465.2
445,0.984375,1878.01,154.629,232.418,81.6657,AX4,1468.5
446,1.0625,1455.52,135.841,174.804,72.8344,AX4,1471.8
447,2.11361,1483.21,136.276,173.48,76.0644,AX4,1475.1
448,2.90928,3267.5,151.575,256.854,75.3466,AX4,1478.4
449,0.0625,3268.23,153.656,258.941,80.542,AX4,1481.7
450,1.0625,1770.4,139.635,221.819,72.6581,AX4,1485
451,1.08816,1764.61,140.378,223.981,71.3912,AX4,1488.3
452,4.96573,2263.28,144.311,226.088,73.0218,AX4,1491.6
453,3.92689,2298.83,149.195,241.642,73.6204,AX4,1494.9
454,5.26565,3454.71,149.033,308.201,75.9282,AX4,1498.2
455,4.01563,3469.27,147.696,299.395,77.1007,AX4,1501.5
456,4.41323,1682.84,129.541,191.452,74.0802,AX4,1504.8
457,3.18689,1695.39,138.816,201.888,78.6343,AX4,1508.1
458,0.6875,1794.78,142.726,209.953,80.6601,AX4,1511.4
459,5.07813,1801.1,141.91,207.879,80.3856,AX4,1514.7
460,4.13512,1980.31,133.611,212.823,75.7125,AX4,1518
461,1.02426,1929.52,132.709,211.956,73.1512,AX4,1521.3
462,3.53346,1341.17,139.518,187.397,75.1171,AX4,1524.6
463,2.05853,1370.8,141.97,187.713,81.9868,AX4,1527.9
464,2.59375,3118.21,159.435,297.2,67.3577,AX4,1531.2
465,0.873639,3120.77,159.447,291.956,68.723,AX4,1534.5
466,2.60579,1904.79,153.042,231.988,71.1021,AX4,1537.8
467,0.265625,1908.26,155.018,236.277,73.7451,AX4,1541.1
468,1.29273,1848.03,157.3,245.362,81.3536,AX4,1544.4
469,0.554688,1851.81,155.552,233.233,84.3937,AX4,1547.7
470,2.02748,1688.01,152.812,224.586,75.5342,AX4,1551
471,1.6716,1678.55,159.188,223.522,80.9033,AX4,1554.3
472,0.840997,2750.02,154.769,289.133,75.2513,AX4,1557.6
473,2.81173,2729.95,154.446,288.547,76.1211,AX4,1560.9
474,2.72656,3551.78,156.921,282.443,78.8478,AX4,1564.2
475,6.82281,3548.54,161.462,293.649,86.3237,AX4,1567.5
476,3.49864,2839.11,155.822,264.411,76.4426,AX4,1570.8
477,1.43659,2539.47,157.302,253.912,78.1719,AX4,1574.1
478,2.33516,2787.6,165.855,295.536,78.6858,AX4,1577.4
479,0.254493,2661.56,159.102,272.422,73.4424,AX4,1580.7
480,2.30108,2557.09,164.945,291.428,88.3587,AX4,1584
481,1.3306,2547.07,167.289,284.835,92.0985,AX4,1587.3
482,0.078125,1720.55,136.794,218.726,69.2829,AX4,1590.6
483,1.80536,1582.41,134.917,200.796,70.603,AX4,1593.9
484,2.02874,3112.24,161.977,329.038,70.5098,AX4,1597.2
485,0.515625,3128.86,151.226,299.055,71.2677,AX4,1600.5
486,2.80737,2758.29,127.058,212.126,66.5649,AX4,1603.8
487,1.32737,1740.16,127.768,182.295,66.5226,AX4,1607.1
488,0.695249,2623.46,143.294,284.889,63.9376,AX4,1610.4
489,3.80625,2643.03,150.895,292.342,65.8435,AX4,1613.7
490,2.32875,1625.58,125.657,208.24,56.407,AX4,1617
491,3.65339,3286.21,133.798,257.083,59.1544,AX4,1620.3
492,4.31152,1804.7,130.281,218.401,62.2526,AX4,1623.6
493,2.08803,1781.56,137.142,234.279,62.4531,AX4,1626.9
494,2.20404,1995.82,137.32,256.196,58.973,AX4,1630.2
495,0.03125,2005.87,137.083,255.274,59.1539,AX4,1633.5
496,1.60938,1810.22,120.82,192.17,64.081,AX4,1636.8
497,0.859375,1791.96,124.603,210.864,66.181,AX4,1640.1
498,3.01805,2070.39,132.922,238.382,68.1479,AX4,1643.4
499,1.22997,2095.79,130.312,231.825,71.1619,AX4,1646.7
500,3.70313,1981.58,113.408,182.772,60.2522,AX4,1650
501,0.09375,1990.41,118.798,192.886,62.734,AX4,1653.3
502,1.1601,1534.25,100.701,144.149,61.1072,AX4,1656.6
503,1.09937,1533.6,102.639,144.66,63.2398,AX4,1659.9
504,0.6875,3247.64,129.79,273.392,57.8673,AX4,1663.2
505,1.12448,3240.87,127.598,272.533,56.1544,AX4,1666.5
506,1.17188,1670.22,101.288,146.298,56.8031,AX4,1669.8
507,4.00337,1665.75,102.803,147.71,60.0153,AX4,1673.1
508,1.78795,1790.38,121.728,193.795,69.206,AX4,1676.4
509,2.1875,1748.09,120.672,191.604,68.8588,AX4,1679.7
510,0.793805,1483.76,106.626,169.178,51.8564,AX4,1683
511,1.0625,1491.9,107.957,170.18,54.1863,AX4,1686.3
512,0.475023,1565.27,110.92,176.218,64.0481,AX4,1689.6
513,1.39433,1576.46,107.033,157.457,63.4299,AX4,1692.9
514,0.687234,2721.52,115.107,236.541,52.2744,AX4,1696.2
515,1.22015,2720.57,107.53,210.355,56.8054,AX4,1699.5
516,0.776873,2146.65,105.181,192.011,59.4002,AX4,1702.8
517,1.87044,2149.18,113.761,214.336,63.1911,AX4,1706.1
518,1.35102,2054.55,110.994,224.083,47.8992,AX4,1709.4
519,2.82877,2054.09,103.148,200.852,50.8861,AX4,1712.7
520,1.55404,1759.47,108.353,187.462,51.2591,AX4,1716
521,2.03293,1756.81,114.087,201.469,54.337,AX4,1719.3
522,1.68274,1374.29,100.917,152.778,56.1311,AX4,1722.6
523,1.74022,1463.56,108.617,180.24,55.8704,AX4,1725.9
524,1.29822,1892.14,94.142,142.137,50.0957,AX4,1729.2
525,1.80455,1883.05,96.4418,144.61,52.1764,AX4,1732.5
526,0.03125,2148.29,103.934,182.423,54.8732,AX4,1735.8
527,0.78125,2167.31,105.746,183.875,55.6316,AX4,1739.1
528,1.1875,2021.45,127.5,246.017,51.2141,AX4,1742.4
529,0.40625,2119.45,127.266,245.29,53.0635,AX4,1745.7
530,1.86298,1981.61,106.906,209.747,51.5456,AX4,1749
531,0.5625,2008.05,109.07,212.309,51.4426,AX4,1752.3
532,1.78252,2205.3,103.936,183.705,52.5335,AX4,1755.6
533,0.777177,2196.84,100.811,177.554,53.7194,AX4,1758.9
534,2.82813,2018.18,96.9095,197.179,49.2217,AX4,1762.2
535,3.14491,1965.46,100.439,194.193,52.0546,AX4,1765.5
536,1.1875,1643.98,97.0234,163.226,53.1484,AX4,1768.8
537,2.61778,1558.71,95.7143,153.614,53.4619,AX4,1772.1
538,2.75,2352.82,119.573,214.542,64.2793,AX4,1775.4
539,3.20313,2357.57,119.863,216.424,63.5253,AX4,1778.7
540,3.40876,1850.01,101.703,190.751,52.3424,AX4,1782
541,0.765625,1848.29,105.223,192.408,54.0829,AX4,1785.3
542,1.39282,3343.27,106.758,252.894,52.0928,AX4,1788.6
543,1.73291,3348.64,110.282,258.908,56.4133,AX4,1791.9
544,1.45522,1423.8,104.255,181.561,53.2852,AX4,1795.2
545,0.640625,1427.45,107.327,176.864,56.8644,AX4,1798.5
546,0.078125,1667.43,96.4124,159.69,50.2314,AX4,1801.8
547,2.01678,1641.62,101.127,166.023,53.0075,AX4,1805.1
548,0.782655,1626.22,104.424,185.784,50.4758,AX4,1808.4
549,0.281684,1605.31,105.85,179.085,50.9667,AX4,1811.7
550,0.558362,1717.99,106.922,193.805,49.2148,AX4,1815
551,0.484375,1706.38,112.255,205.942,53.1515,AX4,1818.3
552,0.837141,1897.41,94.6834,173.833,48.356,AX4,1821.6
553,1.36162,1886.47,102.226,187.53,52.8688,AX4,1824.9
554,3.14203,1840.55,105.322,187.241,54.3994,AX4,1828.2
555,1.86357,1812.42,105.906,186.347,52.9576,AX4,1831.5
556,2.68791,1907.96,115.431,212.982,54.6622,AX4,1834.8
557,1.6875,1900.18,115.511,210.145,56.7692,AX4,1838.1
558,1.76563,1577.53,103.128,182.415,55.5098,AX4,1841.4
559,0,1682.75,106.787,183.206,58.3367,AX4,1844.7
560,0.956321,3454.75,112.319,252.269,49.4232,AX4,1848
561,3.70679,3484.96,115.474,255.498,51.5596,AX4,1851.3
562,1.77964,1487.87,98.5751,164.17,46.1156,AX4,1854.6
563,1.66837,1506.02,101.451,163.792,52.1287,AX4,1857.9
564,2.48752,2297.65,105.243,217.147,50.7522,AX4,1861.2
565,0.78125,2304.76,106.209,223.194,48.9719,AX4,1864.5
566,1,1839.01,103.829,191.547,50.7858,AX4,1867.8
567,1.82545,1852.82,102.472,184.661,51.3606,AX4,1871.1
568,1.15205,1761.08,116.666,204.287,60.7762,AX4,1874.4
569,0.0078125,1760.39,112.309,199.181,58.1527,AX4,1877.7
570,0.534914,1624,100.803,174.457,47.156,AX4,1881
571,2.91095,1626.27,101.878,177.528,47.3047,AX4,1884.3
572,1.9588,1820.54,94.6939,156.679,51.1508,AX4,1887.6
573,2.68359,1802.08,96.3715,157.825,54.4535,AX4,1890.9
574,1.07858,1681.42,97.8451,176.341,46.2011,AX4,1894.2
575,0.0273438,1710.1,101.76,180.537,47.8421,AX4,1897.5
576,2.70439,1355.14,85.7202,135.272,47.012,AX4,1900.8
577,0.6675,1315.17,86.7228,131.804,50.7525,AX4,1904.1
578,1.0203,1860.69,101.068,190.898,49.4776,AX4,1907.4
579,0.73504,1859.66,100.551,190.897,51.4721,AX4,1910.7
580,1.72138,2328.21,101.895,204.486,47.9169,AX4,1914
581,1.87937,2324.5,102.55,200.575,53.6105,AX4,1917.3
582,1.25,1948.03,101.98,208.088,47.6815,AX4,1920.6
583,2.79443,1957.93,104.3,210.093,49.4034,AX4,1923.9
584,2.17075,1916.39,96.3845,172.118,47.3904,AX4,1927.2
585,2.07585,1923.21,101.37,190.241,48.6036,AX4,1930.5
586,0.971393,1878.09,93.8506,174.583,53.9504,AX4,1933.8
587,1.55255,1872.66,91.3411,155.2,55.6927,AX4,1937.1
588,1.08804,2283.47,82.0918,175.152,43.0006,AX4,1940.4
589,1.28125,2284.8,85.0411,176.788,45.0213,AX4,1943.7
590,0.74451,1978.56,89.6071,172.942,48.6631,AX4,1947
591,1.76569,1987.01,90.909,172.714,50.6207,AX4,1950.3
592,2.18889,1813.51,83.5726,151.27,43.7372,AX4,1953.6
593,2.64735,1817.67,87.1639,153.922,46.3055,AX4,1956.9
594,1.78754,1467.22,82.6275,158.25,43.2433,AX4,1960.2
595,1.43758,1566.41,85.515,163.459,43.4335,AX4,1963.5
596,3.16287,1532.83,92.441,174.671,50.2675,AX4,1966.8
597,3.63744,1453.38,95.0882,174.574,52.4119,AX4,1970.1
598,0.640625,1832.36,86.6729,164.25,43.5456,AX4,1973.4
599,3.49296,1318.63,80.8232,137.29,42.3993,AX4,1976.7
600,2.15676,3364.45,86.4483,251.903,37.4822,AX4,1980
601,1.1695,3367,78.5687,208.172,39.2661,AX4,1983.3
602,1.64844,3397.07,97.3141,282.105,41.9566,AX4,1986.6
603,0.8125,3404.89,99.5409,285.666,43.0739,AX4,1989.9
604,0.824219,1147.86,75.0604,112.232,43.7887,AX4,1993.2
605,1.7805,1155.55,83.7418,126.042,44.4142,AX4,1996.5
606,0.859375,3193.9,105.777,252.79,46.5886,AX4,1999.8
607,0.703125,3191.04,109.464,259.807,48.8281,AX4,2003.1
608,0.760436,1837.31,87.4754,156.872,44.5423,AX4,2006.4
609,1.5191,1846.98,88.0959,153.096,48.4974,AX4,2009.7
610,0.15625,1716.08,80.4927,143.269,44.5886,AX4,2013
611,1.97963,1320.96,79.0626,117.63,45.7002,AX4,2016.3
612,1.91328,2360.69,90.1978,192.73,44.3907,AX4,2019.6
613,0.28125,1905.23,90.4503,182.018,46.5741,AX4,2022.9
614,0.859375,2483.21,81.3251,158.95,42.096,AX4,2026.2
615,1.04188,2475.5,87.3917,172.326,44.9524,AX4,2029.5
616,3.25,3372.58,113.265,298.476,49.7163,AX4,2032.8
617,1.11555,3358.26,115.001,299.329,49.4421,AX4,2036.1
618,1.25,3344.59,88.6274,206.974,45.245,AX4,2039.4
619,2.1,3313.03,92.8608,210.152,48.5026,AX4,2042.7
620,0.591182,2948.74,92.1916,202.871,46.1809,AX4,2046
621,0.859375,2951.36,92.0664,200.278,47.1482,AX4,2049.3
622,1,1801.11,93.5428,192.45,44.7331,AX4,2052.6
623,0.15625,1749.3,95.6306,191.724,44.17,AX4,2055.9
624,1.90625,2101.27,96.1357,224.017,41.9176,AX4,2059.2
625,0.578125,2092.56,98.2929,220.887,46.0715,AX4,2062.5
626,4.41804,1851.33,92.2251,150.804,50.5247,AX4,2065.8
627,3.9933,1703.01,95.3463,147.194,51.3689,AX4,2069.1
628,1.53125,1248.89,89.0185,108.495,57.8692,AX4,2072.4
629,0.563993,1247.49,89.1522,113.169,60.9264,AX4,2075.7
630,0.862919,3496.2,97.9484,236.893,50.5008,AX4,2079
631,0.482608,3485.18,97.8531,235.45,54.6387,AX4,2082.3
632,1.78653,3293.42,95.5407,249.665,46.6255,AX4,2085.6
633,1.92955,3297.56,95.5862,251.634,51.1406,AX4,2088.9
634,1.36638,3259.89,90.1948,200.013,43.7942,AX4,2092.2
635,0.992403,3276.65,91.6497,198.345,46.1561,AX4,2095.5
636,1.25138,1748.99,82.8465,147.508,45.4084,AX4,2098.8
637,0.296875,1144.59,79.3921,118.951,46.8739,AX4,2102.1
638,2.57813,1875.18,92.2857,183.546,47.2975,AX4,2105.4
639,0.907361,1866.18,100.027,205.601,50.7275,AX4,2108.7
640,0.234375,1438.07,81.608,136.96,44.421,AX4,2112
641,1.3125,1444.5,82.2208,134.955,46.0689,AX4,2115.3
642,0.265625,1218.28,70.296,103.542,43.6854,AX4,2118.6
643,1.875,1751.14,74.059,131.957,43.5307,AX4,2121.9
644,0.792921,1918.38,75.0592,147.873,42.2656,AX4,2125.2
645,1.125,1908.3,77.4262,147.474,45.6066,AX4,2128.5
646,2.08338,1533.55,70.6538,125.807,40.0676,AX4,2131.8
647,1.08816,1576.85,74.6166,131.075,43.8862,AX4,2135.1
648,1.39818,1836.21,81.7144,162.861,40.3883,AX4,2138.4
649,1.33758,1833.7,83.3703,163.683,42.7031,AX4,2141.7
650,0.688077,2037.3,85.7409,200.859,39.1238,AX4,2145
651,0.607017,2046.77,86.6654,200.73,37.8358,AX4,2148.3
652,2.35965,1643.85,81.7476,173.377,36.7011,AX4,2151.6
653,1.10331,2541.73,83.7871,195.84,39.3982,AX4,2154.9
654,1,1922.27,79.3805,190.668,35.7075,AX4,2158.2
655,0.963823,1895.5,79.3894,185.898,36.7395,AX4,2161.5
656,0.982824,2043.22,85.9818,168.168,50.772,AX4,2164.8
657,1.23842,1923.17,87.4177,166.806,50.2238,AX4,2168.1
658,0.625,1778.59,86.7066,181.415,43.9843,AX4,2171.4
659,1.40645,1763.6,88.6539,189.5,43.5321,AX4,2174.7
660,0.984499,1781.22,76.8671,142.916,38.9758,AX4,2178
661,2.59676,1775.47,78.7658,148.053,42.2909,AX4,2181.3
662,2.07132,1323.83,74.3249,120.115,41.614,AX4,2184.6
663,0.484517,1335.93,76.2072,121.487,40.9513,AX4,2187.9
664,0.921875,1408.43,80.4114,143.084,41.1385,AX4,2191.2
665,1.55241,1441.4,83.5404,145.28,43.3991,AX4,2194.5
666,2.26821,1255.62,69.2412,113.628,38.2159,AX4,2197.8
667,0.493364,1250.38,67.94,102.515,37.3321,AX4,2201.1
668,0.625,1303.72,70.7368,121.052,35.7186,AX4,2204.4
669,1.03125,1300.91,75.7372,129.281,41.4062,AX4,2207.7
670,0.579812,1396.24,72.2226,123.47,37.1237,AX4,2211
671,1.95313,1394.72,75.112,126.243,36.0662,AX4,2214.3
672,1.1875,1574.19,77.4471,147.983,38.202,AX4,2217.6
673,1.03125,1575.69,81.0647,149.076,38.9127,AX4,2220.9
674,0.845773,1988.58,83.6657,191.636,37.2469,AX4,2224.2
675,1.54688,1979.44,84.4012,187.809,37.5155,AX4,2227.5
676,1.41768,1878.74,77.5995,160.867,38.2598,AX4,2230.8
677,1.57813,1860.68,81.1351,163.236,42.4183,AX4,2234.1
678,1.90093,1193.07,77.8886,126.56,42.3415,AX4,2237.4
679,1.92861,1206.81,79.6466,129.908,44.8759,AX4,2240.7
680,0.6875,1667,79.8958,166.054,38.6043,AX4,2244
681,1.5,1695.82,82.5175,168.219,39.4162,AX4,2247.3
682,1.3125,1438.37,75.0662,134.804,42.9714,AX4,2250.6
683,3.93856,1442.95,76.1038,134.898,42.7187,AX4,2253.9
684,0.510211,1246.47,74.3656,128.27,38.4503,AX4,2257.2
685,2.65625,1420.49,81.126,148.041,41.2462,AX4,2260.5
686,0.371402,1453.33,75.3165,139.946,36.95,AX4,2263.8
687,0.391873,1463.95,81.0811,156.353,37.5393,AX4,2267.1
688,0.406119,1633.86,92.7627,176.532,45.7242,AX4,2270.4
689,1.6436,1616.22,94.5711,180.069,43.4917,AX4,2273.7
690,1.5,1650.61,85.142,177.882,40.1557,AX4,2277
691,0.765625,1658.58,84.2554,172.866,41.3199,AX4,2280.3
692,1.00984,1752.55,77.7594,175.575,35.5148,AX4,2283.6
693,1.33081,1769.78,84.5653,189.913,36.3763,AX4,2286.9
694,0.671875,1859.29,73.0721,155.618,34.8876,AX4,2290.2
695,0.820313,1872.28,76.8637,163.933,36.7027,AX4,2293.5
696,1.46309,4058.87,94.791,277.358,36.5464,AX4,2296.8
697,1.303,2026.76,86.4992,190.643,37.1704,AX4,2300.1
698,0.246342,1532.31,69.2321,150.348,35.4731,AX4,2303.4
699,1.56689,1657.58,73.28,172.839,34.3869,AX4,2306.7
700,0.171875,1482.51,80.2534,174.133,36.7623,AX4,2310
701,1.27552,1657.56,92.1972,208.252,38.7967,AX4,2313.3
702,1.76175,3388.45,94.6342,249.386,35.3923,AX4,2316.6
703,0.304688,1678.21,91.2427,195.37,40.5509,AX4,2319.9
704,0.640625,1761.62,82.5666,178.323,39.5454,AX4,2323.2
705,1.04688,1763.58,83.7256,177.887,38.1553,AX4,2326.5
706,0.707722,1810.51,72.2011,149.849,38.0357,AX4,2329.8
707,1.1433,1810.83,74.7621,154.152,39.7031,AX4,2333.1
708,1.13848,3525.15,93.1123,251.56,41.8474,AX4,2336.4
709,2.41764,3522.89,93.8052,252.839,40.7848,AX4,2339.7
710,0.292839,1732.18,79.1804,154.716,37.2638,AX4,2343
711,0.429048,1723.7,80.16,156.897,37.1275,AX4,2346.3
712,0.21875,1887.32,90.9094,213.404,34.5746,AX4,2349.6
713,0.5,1898.07,86.9536,191.711,38.48,AX4,2352.9
714,1.26129,1819.7,86.4978,194.94,40.0895,AX4,2356.2
715,0.03125,1855.99,93.246,214.978,42.0164,AX4,2359.5
716,0.98549,1530.33,80.0641,166.416,36.5161,AX4,2362.8
717,0.455828,1485.99,81.2527,166.016,40.223,AX4,2366.1
718,1.8125,1836.17,88.3788,175.724,43.7161,AX4,2369.4
719,2.23614,1708.11,85.924,171.671,41.1187,AX4,2372.7
720,1.28582,1717.35,84.9194,182,33.8915,AX4,2376
721,2.03131,1724.21,85.7975,181.445,36.4524,AX4,2379.3
722,0.015625,3049.82,92.8149,243.026,38.6,AX4,2382.6
723,0.078125,3051.17,93.4191,242.242,37.1721,AX4,2385.9
724,0.0390625,1880.04,72.843,142.136,37.8343,AX4,2389.2
725,0.0470375,1898.56,74.4594,142.964,40.8188,AX4,2392.5
726,0.280061,212.645,10.064,18.4455,5.60814,AX4,2395.8
727,0,0,0,0,0,AX4,2399.1
728,0,0,0,0,0,AX4,2402.4
729,0,0,0,0,0,AX4,2405.7
730,0,0,0,0,0,AX4,2409
731,0,0,0,0,0,AX4,2412.3
732,0,0,0,0,0,AX4,2415.6
733,0,0,0,0,0,AX4,2418.9
734,0,0,0,0,0,AX4,2422.2
0,2.61923,3014.77,391.345,497.807,233.807,DnmA Δ,0
1,3.1153,2162.51,260.155,276.008,185.02,DnmA Δ,3.3
2,4.17761,2659.26,274.691,304.14,192.425,DnmA Δ,6.6
3,0.921875,2599.03,302.647,300.199,205.217,DnmA Δ,9.9
4,5.98256,2897.79,286.42,294.879,211.954,DnmA Δ,13.2
5,0.862247,2231.68,265.173,268.634,197.329,DnmA Δ,16.5
6,3.43341,2246.9,242.991,244.49,178.57,DnmA Δ,19.8
7,3.68613,1343.02,256.53,232.09,189.099,DnmA Δ,23.1
8,5.70674,1935.51,249.272,226.825,190.456,DnmA Δ,26.4
9,4.375,1830.12,246.533,209.253,189.474,DnmA Δ,29.7
10,0.607582,1535.34,239.759,226.033,178.729,DnmA Δ,33
11,6.00523,2433.6,243.783,265.422,173.011,DnmA Δ,36.3
12,5.48956,1322.36,242.119,233.774,173.583,DnmA Δ,39.6
13,4.56517,1520.33,250.482,209.942,198.235,DnmA Δ,42.9
14,3.46724,1771.66,258.493,239.612,196.473,DnmA Δ,46.2
15,1.77967,1605.72,263.848,251.127,191.537,DnmA Δ,49.5
16,2.4383,1503.14,255.573,230.61,192.69,DnmA Δ,52.8
17,5.26563,2811.45,284.581,319.794,200.76,DnmA Δ,56.1
18,1.72453,1567.85,261.332,267.014,178.653,DnmA Δ,59.4
19,3.02393,1669.09,261.612,254.119,178.495,DnmA Δ,62.7
20,1.22041,2431.21,269.218,283.633,181.639,DnmA Δ,66
21,2.02876,1270.16,251.346,235.022,176.959,DnmA Δ,69.3
22,3.03273,1961.55,273.486,270.174,189.969,DnmA Δ,72.6
23,7.147,1858.05,255.03,243.876,183.876,DnmA Δ,75.9
24,1.76888,1607.1,284.615,286.767,194.108,DnmA Δ,79.2
25,3.83463,1712.48,246.226,240.786,175.228,DnmA Δ,82.5
26,0.53056,1718.31,251.452,258.326,173.807,DnmA Δ,85.8
27,5.16836,2417.36,250.455,244.702,180.436,DnmA Δ,89.1
28,2.81842,3007.71,240.741,259.645,169.555,DnmA Δ,92.4
29,3.23709,1912.93,256.622,247.449,186.285,DnmA Δ,95.7
30,2.3227,2243.17,282.065,304.444,195.099,DnmA Δ,99
31,1.69224,2771.95,260.493,287.152,182.829,DnmA Δ,102.3
32,1.83053,1778.2,240.657,239.212,166.713,DnmA Δ,105.6
33,1.33546,1634.39,238.878,230.074,177.156,DnmA Δ,108.9
34,3.30776,1759.17,241.015,239.413,166.202,DnmA Δ,112.2
35,1.24653,1349.75,228.371,200.4,169.671,DnmA Δ,115.5
36,0.197681,1634.34,221.767,214.544,160.961,DnmA Δ,118.8
37,1.88643,2254.41,243.288,262.184,158.055,DnmA Δ,122.1
38,7.11946,2245.88,238.103,243.624,170.518,DnmA Δ,125.4
39,4.11021,1552.96,226.202,211.809,167.729,DnmA Δ,128.7
40,2.7317,1443.19,224.152,210.446,169.159,DnmA Δ,132
41,3.38528,1514.78,226.278,204.486,172.645,DnmA Δ,135.3
42,0.283089,1572.75,250.508,232.951,175.783,DnmA Δ,138.6
43,1.18914,3198.23,264.263,311.691,178.087,DnmA Δ,141.9
44,4.27955,1654.25,269.803,250.252,195.649,DnmA Δ,145.2
45,0.816556,1867.55,251.477,245.076,185.597,DnmA Δ,148.5
46,4.09478,2203.5,248.278,280.884,157.521,DnmA Δ,151.8
47,4.80862,1535.52,257.385,244.761,174.431,DnmA Δ,155.1
48,4.90962,2167.18,256.074,266.439,178.182,DnmA Δ,158.4
49,0.8978,2417.69,242.579,246.622,170.148,DnmA Δ,161.7
50,1.81373,2162.57,246.579,247.192,169.941,DnmA Δ,165
51,1.82097,1632.11,261.427,241.344,190.497,DnmA Δ,168.3
52,1.39071,2748.3,280.472,296.734,190.05,DnmA Δ,171.6
53,5.20484,2394.37,258.697,264.768,181.151,DnmA Δ,174.9
54,2.84435,1426.66,260.06,226.832,197.867,DnmA Δ,178.2
55,3.10373,1558.78,250.694,219.636,191.96,DnmA Δ,181.5
56,1.35208,2165.48,264.288,272.087,193.688,DnmA Δ,184.8
57,0.864765,2369.54,257.348,277.334,179.882,DnmA Δ,188.1
58,2.65721,1332.19,264.016,234.636,186.643,DnmA Δ,191.4
59,5.63594,2159.56,281.275,279.386,194.036,DnmA Δ,194.7
60,2.96493,1969.22,275.819,275.342,201.784,DnmA Δ,198
61,3.73569,1967.14,268.119,244.538,199.639,DnmA Δ,201.3
62,1.1369,1801.37,258.999,235.775,197.153,DnmA Δ,204.6
63,1.43046,1176,262.578,213.534,210.241,DnmA Δ,207.9
64,1.83441,2973.17,265.81,258.762,192.081,DnmA Δ,211.2
65,2.83417,1359.17,263.607,223.965,200.079,DnmA Δ,214.5
66,3.37992,1789.97,283.946,267.838,197.357,DnmA Δ,217.8
67,5.86213,1984.33,275.48,259.113,193.952,DnmA Δ,221.1
68,8.78218,1646.8,265.253,224.211,204.083,DnmA Δ,224.4
69,1.80724,1898.88,279.539,277.948,188.161,DnmA Δ,227.7
70,2.97937,2250.94,284.044,273.777,202.285,DnmA Δ,231
71,3.62312,2240.25,285.68,263.41,208.33,DnmA Δ,234.3
72,3.4142,1584.86,271.403,245.64,205.814,DnmA Δ,237.6
73,4.01563,1812.36,275.731,253.061,206.683,DnmA Δ,240.9
74,3.54278,1543.78,277.509,251.041,207.708,DnmA Δ,244.2
75,3.18536,1642.28,305.65,278.153,220.82,DnmA Δ,247.5
76,1.42188,2075.48,308.039,295.859,241.493,DnmA Δ,250.8
77,0.976812,1730.88,305.881,272.224,234.037,DnmA Δ,254.1
78,0.568826,1359.93,291.484,252.471,212.721,DnmA Δ,257.4
79,2.7699,1651.8,294.134,277.16,205.05,DnmA Δ,260.7
80,0.40625,2437.15,311.435,316.887,213.893,DnmA Δ,264
81,1.14418,1790.11,286.833,277.683,194.953,DnmA Δ,267.3
82,7.07584,1897.69,288.939,246.167,228,DnmA Δ,270.6
83,5.55052,1520.06,295.812,252.103,230.071,DnmA Δ,273.9
84,9.31617,2161.77,309.619,281.228,230.974,DnmA Δ,277.2
85,3.909,1777.18,301.869,274.139,225.047,DnmA Δ,280.5
86,6.16056,1906.45,319.584,302.109,224.533,DnmA Δ,283.8
87,0.33375,2003.4,303.32,282.987,220.667,DnmA Δ,287.1
88,3.04532,1457.04,296.724,261.682,226.915,DnmA Δ,290.4
89,3.58658,2059.99,322.23,305.959,230.516,DnmA Δ,293.7
90,1.14052,1648.08,325.131,288.592,238.666,DnmA Δ,297
91,7.19383,2069.07,314.874,293.583,216.895,DnmA Δ,300.3
92,1.63326,1849.64,286.133,256.379,210.099,DnmA Δ,303.6
93,2.92489,1540.9,289.828,261.932,205.956,DnmA Δ,306.9
94,1.31622,2938.62,328.664,351.837,212.74,DnmA Δ,310.2
95,1.21434,2267.61,323.101,315.251,232.985,DnmA Δ,313.5
96,1.59375,2742.66,339.614,338.289,238.165,DnmA Δ,316.8
97,7.625,2146.33,328.891,302.984,252.067,DnmA Δ,320.1
98,1.29605,2118.31,322.272,313.36,218.854,DnmA Δ,323.4
99,2.0195,1957.21,358.558,355.544,248.966,DnmA Δ,326.7
100,0.445313,1963.68,378.022,349.166,258.104,DnmA Δ,330
101,2.42716,1988.25,342.121,321.601,244.219,DnmA Δ,333.3
102,3.83884,2126.9,350.285,331.894,242.622,DnmA Δ,336.6
103,2.3316,2224.3,341.179,332.754,242.659,DnmA Δ,339.9
104,1.125,2145.83,341.042,326.349,230.645,DnmA Δ,343.2
105,8.78454,1437.46,318.969,284.778,234.979,DnmA Δ,346.5
106,9.97519,2103.89,301.019,293.185,201.108,DnmA Δ,349.8
107,6.71094,2862.21,296.683,314.461,189.989,DnmA Δ,353.1
108,5.3455,1956.56,306.121,300.357,213.078,DnmA Δ,356.4
109,1.8876,3188.62,289.488,316.228,199.836,DnmA Δ,359.7
110,4.91112,2038.63,283.197,280.826,187.1,DnmA Δ,363
111,5.92188,2440.05,276.305,288.265,195.248,DnmA Δ,366.3
112,6.16961,1481.25,275.363,257.045,206.974,DnmA Δ,369.6
113,0.424471,1672.4,253.767,235.863,180.227,DnmA Δ,372.9
114,7.84508,1419.26,266.802,237.995,187.549,DnmA Δ,376.2
115,2.5812,1471,248.095,225.418,186.487,DnmA Δ,379.5
116,5.18044,1991.84,254.203,254.73,180.42,DnmA Δ,382.8
117,3.36602,1916.38,253.057,259.382,175.149,DnmA Δ,386.1
118,1.29688,1946.21,280.817,305.266,190.91,DnmA Δ,389.4
119,0.610176,1981.78,253.421,245.427,175.228,DnmA Δ,392.7
120,6.5345,1311.62,251.747,237.286,182.859,DnmA Δ,396
121,11.3448,1309.91,252.763,245.36,181.431,DnmA Δ,399.3
122,6.93022,1762.34,246.791,243.506,183.583,DnmA Δ,402.6
123,4.77364,2053.13,271.894,272.875,187.657,DnmA Δ,405.9
124,4.64565,2670.28,315.389,335.927,210.633,DnmA Δ,409.2
125,2.95313,1939.99,313.998,304.348,228.277,DnmA Δ,412.5
126,3.84064,1615.88,241.251,253.607,152.183,DnmA Δ,415.8
127,11.1816,1644.09,237.368,235.401,159.808,DnmA Δ,419.1
128,8.37799,1280.92,242.828,232.394,175.478,DnmA Δ,422.4
129,5.15625,2950.68,249.2065,575.383,925.188,DnmA Δ,425.7
130,1.3125,2718.63,249.2065,561.699,891.452,DnmA Δ,429
131,6.22407,2622.21,255.585,287.975,172.567,DnmA Δ,432.3
132,0.4375,1726.02,214.927,229.853,151.47,DnmA Δ,435.6
133,2.5625,1548.32,218.087,218.287,154.671,DnmA Δ,438.9
134,3.28125,1708.45,219.948,240.948,141.121,DnmA Δ,442.2
135,0.541667,2643.02,238.18,300.238,150.381,DnmA Δ,445.5
136,7.17188,1586.26,212.959,239.206,138.058,DnmA Δ,448.8
137,1.01265,1508.01,215.25,227.405,138.723,DnmA Δ,452.1
138,2.22656,973.793,206.158,186.091,151.516,DnmA Δ,455.4
139,4.12013,1587.25,209.366,216.15,152.419,DnmA Δ,458.7
140,1.23571,1752.95,219.944,231.065,138.597,DnmA Δ,462
141,5.50269,1794.88,199.296,223.91,133.714,DnmA Δ,465.3
142,6.00957,1556.78,203.11,216.316,135.46,DnmA Δ,468.6
143,0.794612,1659.9,190.243,223.76,117.322,DnmA Δ,471.9
144,0.275,1334.25,193.097,214.976,124.921,DnmA Δ,475.2
145,1.38056,1622.12,204.587,225.119,137.205,DnmA Δ,478.5
146,6.19758,2925.88,226.561,282.044,135.271,DnmA Δ,481.8
147,0.520833,2063.97,217.943,250.471,125.255,DnmA Δ,485.1
148,1.70487,1202.51,200.188,193.174,142.601,DnmA Δ,488.4
149,4.75164,2657.45,215.603,246.514,133.594,DnmA Δ,491.7
150,2.00339,1676.06,207.086,244.86,125.971,DnmA Δ,495
151,1.80832,1529.54,196.179,211.721,126.007,DnmA Δ,498.3
152,1.50033,1895.54,206.063,236.829,123.917,DnmA Δ,501.6
153,1.00781,1786.1,207.799,231.339,128.615,DnmA Δ,504.9
154,1.21875,2935.63,195.135,229.92,126.123,DnmA Δ,508.2
155,1.97922,1737.96,198.384,225.853,122.503,DnmA Δ,511.5
156,1.25551,1623.78,211.983,227.268,131.659,DnmA Δ,514.8
157,2.65318,2067.13,201.832,242.164,125.906,DnmA Δ,518.1
158,1.07813,1811.49,211.535,252.532,123.838,DnmA Δ,521.4
159,5.69113,1970.58,220.218,249.478,141.118,DnmA Δ,524.7
160,1.12503,1627.41,205.258,213.349,136.591,DnmA Δ,528
161,4.30975,1524.04,206.849,215.487,130.685,DnmA Δ,531.3
162,1.25,1478.06,196.983,197.925,143.03,DnmA Δ,534.6
163,1.90324,1821.42,203.861,229.984,132.89,DnmA Δ,537.9
164,1.59584,1802.24,201.3,237.006,132.286,DnmA Δ,541.2
165,0.53125,2103.73,185.689,210.856,122.329,DnmA Δ,544.5
166,2.00128,1569.93,183.919,196.769,114.934,DnmA Δ,547.8
167,1.62133,2505.01,195.73,232.641,118.823,DnmA Δ,551.1
168,2.45315,1507.98,192.516,223.615,124.705,DnmA Δ,554.4
169,2.5,1401.61,186.659,200.26,121.416,DnmA Δ,557.7
170,0.590671,1636.32,176.507,184.803,117.018,DnmA Δ,561
171,1.66705,1600.39,193.16,222.314,117.101,DnmA Δ,564.3
172,1.19064,1933.6,196.976,226.658,129.28,DnmA Δ,567.6
173,4.20568,1522.29,201.326,214.095,136.922,DnmA Δ,570.9
174,0.790106,1603.49,203.444,205.176,135.529,DnmA Δ,574.2
175,3.78367,1257.03,175.265,171.209,118.528,DnmA Δ,577.5
176,2.68297,1416.96,179.06,196.731,111.527,DnmA Δ,580.8
177,0.28125,1425.51,188.042,200.74,126.998,DnmA Δ,584.1
178,3.53019,1733.41,184.717,197.398,122.753,DnmA Δ,587.4
179,3.20039,1693.88,176.615,197.477,117.35,DnmA Δ,590.7
180,4.04688,1786.91,177.052,192.22,117.539,DnmA Δ,594
181,3.40675,1937.9,190.666,213.175,126.281,DnmA Δ,597.3
182,1.42089,1672.53,201.201,228.104,130.813,DnmA Δ,600.6
183,1.2961,1318.46,171.484,177.074,106.323,DnmA Δ,603.9
184,2.23899,1512.52,157.789,182.174,97.0087,DnmA Δ,607.2
185,3.46053,2036.23,180.571,218.133,115.186,DnmA Δ,610.5
186,6.1392,1433.5,170.579,191.888,116.113,DnmA Δ,613.8
187,6.35306,1513.32,176.593,207.442,109.309,DnmA Δ,617.1
188,0.859375,1379.03,161.677,185.189,100.498,DnmA Δ,620.4
189,4.3509,1458.09,158.279,165.577,106.273,DnmA Δ,623.7
190,1.71576,1346.07,160.761,156.322,112.572,DnmA Δ,627
191,5.1407,1440.67,148.708,158.045,101.046,DnmA Δ,630.3
192,4.53168,1235.91,161.627,164.579,111.731,DnmA Δ,633.6
193,0.375,2021.86,155.137,191.888,98.3551,DnmA Δ,636.9
194,2.08186,2922.3,160.875,213.443,103.593,DnmA Δ,640.2
195,0.1875,1423.2,154.196,162.887,101.886,DnmA Δ,643.5
196,3.10938,1118.42,154.417,168.668,94.7697,DnmA Δ,646.8
197,0.734375,2068.01,160.207,191.013,100.572,DnmA Δ,650.1
198,1.28714,1861.6,174.289,228.203,104.146,DnmA Δ,653.4
199,1.3125,1721.4,150.305,178.842,93.8067,DnmA Δ,656.7
200,0.977663,1333.25,145.397,165.604,87.08,DnmA Δ,660
201,4.51004,1166.75,131.927,138.346,85.3419,DnmA Δ,663.3
202,3.12813,2014.85,139.932,172.675,88.4957,DnmA Δ,666.6
203,1.96007,1502.95,146.217,177.689,83.4922,DnmA Δ,669.9
204,1.61394,1462.81,141.84,168.036,86.1846,DnmA Δ,673.2
205,1.0871,1670.5,143.343,187.692,82.8025,DnmA Δ,676.5
206,2.35725,1573.16,136.352,158.777,87.0371,DnmA Δ,679.8
207,2.02856,1608.38,139.45,155.476,90.6877,DnmA Δ,683.1
208,1.70592,1602.82,129.961,148.267,83.9535,DnmA Δ,686.4
209,1.52435,1766.59,136.011,170.338,83.6124,DnmA Δ,689.7
210,1.85396,1617.65,132.439,163.881,79.4722,DnmA Δ,693
211,3.68686,1087.91,127.223,131.026,82.0983,DnmA Δ,696.3
212,1.11629,1780.91,142.213,176.801,94.9713,DnmA Δ,699.6
213,0.902073,1319.43,139.088,160.125,92.6522,DnmA Δ,702.9
214,0.442218,1409.29,139.933,170.477,86.1381,DnmA Δ,706.2
215,1.47384,1331.69,133.643,161.257,86.5749,DnmA Δ,709.5
216,3.65849,1855.59,141.273,187.44,83.2728,DnmA Δ,712.8
217,2.51355,1973.65,140.179,186.984,77.8145,DnmA Δ,716.1
218,2.94821,1465.5,133.092,170.346,80.93,DnmA Δ,719.4
219,2.37634,1612.51,136.586,170.632,88.6433,DnmA Δ,722.7
220,2.15411,1399.47,132.939,152.538,86.6988,DnmA Δ,726
221,0.731877,1323.81,141.673,171.436,87.9402,DnmA Δ,729.3
222,0.475793,1584.77,143.471,187.016,93.2677,DnmA Δ,732.6
223,1.96875,1306.77,140.166,161.502,93.6137,DnmA Δ,735.9
224,0.5625,987.003,127.009,139.622,80.7463,DnmA Δ,739.2
225,1.74392,1508.53,135.358,183.372,76.643,DnmA Δ,742.5
226,2.2178,1501.03,124.788,167.363,70.3938,DnmA Δ,745.8
227,0,1051.03,124.898,154.083,69.4956,DnmA Δ,749.1
228,0.527156,1335.25,134.737,176.902,78.2949,DnmA Δ,752.4
229,2.24267,1100.03,122.865,137.825,77.1936,DnmA Δ,755.7
230,4.24736,1290.13,125.115,172.983,70.5248,DnmA Δ,759
231,5.33494,1314.17,120.371,145.662,69.0932,DnmA Δ,762.3
232,0.950343,823.649,117.387,127.439,71.6446,DnmA Δ,765.6
233,1.37051,1424.31,125.09,155.516,73.653,DnmA Δ,768.9
234,0.6875,1716.59,117.165,152.424,72.1772,DnmA Δ,772.2
235,2.99207,1056.9,112.043,123.748,71.0565,DnmA Δ,775.5
236,4.04142,1551.29,126.528,155.866,82.7652,DnmA Δ,778.8
237,0.8125,1324.02,115.39,144.072,69.4629,DnmA Δ,782.1
238,1.71875,804.125,114.804,124.451,71.0401,DnmA Δ,785.4
239,2.25781,915.462,111.569,122.061,65.8601,DnmA Δ,788.7
240,0.914063,1582.24,119.215,158.429,74.4684,DnmA Δ,792
241,1.42655,1215.84,117.339,158.126,68.1912,DnmA Δ,795.3
242,0.375,1753.38,131.587,178.4,80.3267,DnmA Δ,798.6
243,3.59375,2754.59,148.953,235.866,77.3813,DnmA Δ,801.9
244,1.17958,1575.25,113.25,143.094,67.5605,DnmA Δ,805.2
245,1.49513,1125.78,116.645,139.981,67.8167,DnmA Δ,808.5
246,0.728073,994.786,123.657,150.489,75.279,DnmA Δ,811.8
247,1.04074,1648.28,121.249,170.57,69.5268,DnmA Δ,815.1
248,3,1903.53,118.827,170.209,67.8586,DnmA Δ,818.4
249,0.101563,1750.51,124.942,164.943,69.7286,DnmA Δ,821.7
250,0.866635,1396.55,120.635,151.35,69.8123,DnmA Δ,825
251,1.4245,1307.1,116.464,166.162,63.5178,DnmA Δ,828.3
252,0.375,1555.03,117.141,158.992,69.3847,DnmA Δ,831.6
253,0.842302,1499.54,114.198,149.111,65.1164,DnmA Δ,834.9
254,3.05877,1606.91,113.321,155.57,64.2825,DnmA Δ,838.2
255,1.40668,1080.28,109.138,125.044,68.0137,DnmA Δ,841.5
256,2.32077,1052.88,106.807,133.474,64.0493,DnmA Δ,844.8
257,2.06354,1505.2,108.795,139.279,68.517,DnmA Δ,848.1
258,0.34375,1598.56,119.667,171.548,70.3551,DnmA Δ,851.4
259,1.9129,1257.49,108.567,146.246,61.3711,DnmA Δ,854.7
260,1.39091,993.241,100.718,119.046,61.0292,DnmA Δ,858
261,1.10586,1517.28,107.841,138.082,63.9996,DnmA Δ,861.3
262,1.25973,1464.12,105.207,121.641,68.8253,DnmA Δ,864.6
263,2.96875,2325.39,115.216,186.868,63.9279,DnmA Δ,867.9
264,1.97994,1599.77,112.852,174.326,64.7163,DnmA Δ,871.2
265,0.25,1505.78,110.779,158.977,65.8888,DnmA Δ,874.5
266,0.830627,1432.51,115.195,164.978,63.7845,DnmA Δ,877.8
267,3.09375,1300.62,101.665,119.77,69.2364,DnmA Δ,881.1
268,2.597,2074.1,108.175,163.252,63.184,DnmA Δ,884.4
269,2.32282,1626.88,117.261,182.329,63.2559,DnmA Δ,887.7
270,0.717262,1816.42,108.821,168.223,62.8724,DnmA Δ,891
271,1.38107,1331.42,111.453,163.9,59.4315,DnmA Δ,894.3
272,3.39068,1659.55,119.728,170.728,68.2931,DnmA Δ,897.6
273,3.29688,1759.07,103.735,149.398,58.2936,DnmA Δ,900.9
274,1.89394,1336.83,98.4089,118.532,62.2813,DnmA Δ,904.2
275,1.99947,1644.45,119.683,174.968,64.4635,DnmA Δ,907.5
276,1.3958,2090.38,126.929,202.376,68.2512,DnmA Δ,910.8
277,2.9795,1893.48,111.274,175.129,63.5355,DnmA Δ,914.1
278,0.981519,1498.63,111.257,160.079,61.363,DnmA Δ,917.4
279,2.38822,1601,105.832,142.424,62.7314,DnmA Δ,920.7
280,2.73438,1158.42,105.892,131.994,61.7949,DnmA Δ,924
281,2.82446,1098.02,101.184,130.538,56.1695,DnmA Δ,927.3
282,1.99689,1483.5,114.855,160.865,61.746,DnmA Δ,930.6
283,4.3125,2139.28,109.493,180.129,59.7928,DnmA Δ,933.9
284,2.48546,1586.34,108.351,169.875,57.7034,DnmA Δ,937.2
285,1.37983,1502.31,98.7158,152.055,56.5845,DnmA Δ,940.5
286,1.85938,1634.18,108.59,167.085,57.9849,DnmA Δ,943.8
287,1.45849,1497.62,117.529,185.033,54.7837,DnmA Δ,947.1
288,0.476819,1234.06,111.091,147.485,60.8868,DnmA Δ,950.4
289,2.14017,2011.24,115.699,185.099,63.8776,DnmA Δ,953.7
290,0.33802,1792.65,118.662,186.014,59.6474,DnmA Δ,957
291,3.12621,1022.62,102.287,122.318,60.0498,DnmA Δ,960.3
292,0.0625,1341.12,102.371,136.31,63.4864,DnmA Δ,963.6
293,1.87439,1484.5,113.139,174.487,61.5002,DnmA Δ,966.9
294,1.28991,1537.01,111.727,163.754,66.7613,DnmA Δ,970.2
295,0.0625,1369.62,103.103,154.197,60.4905,DnmA Δ,973.5
296,0.407768,1374.66,94.7022,126.561,54.8741,DnmA Δ,976.8
297,1.83825,1923.6,100.823,160.483,55.1371,DnmA Δ,980.1
298,2.37485,1327.13,94.1311,128.093,56.8131,DnmA Δ,983.4
299,1.5,1677.16,105.747,153.334,62.4711,DnmA Δ,986.7
300,0.135373,1113.04,107.991,127.928,70.1997,DnmA Δ,990
301,2.37582,1506.5,104.077,145.645,56.1756,DnmA Δ,993.3
302,0.28125,1450.13,117.856,161.83,62.4309,DnmA Δ,996.6
303,1.33706,2223.48,111.375,177.257,62.3076,DnmA Δ,999.9
304,2.74072,1442.14,101.985,145.176,57.5075,DnmA Δ,1003.2
305,1.47315,1081.03,105.784,151.949,57.0544,DnmA Δ,1006.5
306,2.75537,1474.77,106.678,151.255,61.3606,DnmA Δ,1009.8
307,0.846927,2448.96,112.444,189.225,56.4072,DnmA Δ,1013.1
308,1.05478,1550.41,102.322,171.409,49.1115,DnmA Δ,1016.4
309,1.61324,1227.53,96.2763,126.342,57.9818,DnmA Δ,1019.7
310,0.34375,1617.29,92.2582,118.972,54.3993,DnmA Δ,1023
311,0.609375,1287.04,95.9696,124.445,57.2264,DnmA Δ,1026.3
312,0.108535,1631.3,101.559,144.382,60.0576,DnmA Δ,1029.6
313,0.471493,1044.99,95.7671,127.596,53.7939,DnmA Δ,1032.9
314,0.015625,981.119,90.5351,116.575,56.0643,DnmA Δ,1036.2
315,0.015625,1578.28,101.191,148.805,53.2848,DnmA Δ,1039.5
316,1.00003,1589.75,95.1936,138.415,53.6639,DnmA Δ,1042.8
317,3.48494,1791.86,100.688,155.673,56.6414,DnmA Δ,1046.1
318,0.712466,1711.46,108.744,162.288,58.9433,DnmA Δ,1049.4
319,0.28125,1049.7,102.193,142.349,54.418,DnmA Δ,1052.7
320,1.60552,1169.68,100.454,131.248,62.2657,DnmA Δ,1056
321,0.40625,1536.99,107.474,161.84,60.321,DnmA Δ,1059.3
322,0.453125,1666.99,96.4335,150.601,52.7338,DnmA Δ,1062.6
323,2.30489,1421.27,100.488,158.529,51.5207,DnmA Δ,1065.9
324,1.85196,1700.63,105.873,170.601,54.0256,DnmA Δ,1069.2
325,1.67532,1235.95,95.8244,144.774,53.1883,DnmA Δ,1072.5
326,0.96875,1460.56,93.9639,141.368,53.1353,DnmA Δ,1075.8
327,1.71875,1146.48,88.9655,120.393,49.8678,DnmA Δ,1079.1
328,1.25993,1291.43,87.4885,112.071,53.576,DnmA Δ,1082.4
329,0.385909,1212.44,98.7234,131.104,58.5572,DnmA Δ,1085.7
330,0.761949,1613.83,96.0532,141.429,52.0035,DnmA Δ,1089
331,1.14624,1192.21,93.2359,137.704,51.8169,DnmA Δ,1092.3
332,0.0625,1648.16,98.8068,130.932,58.9348,DnmA Δ,1095.6
333,0.633298,1441.34,108.633,162.373,58.5475,DnmA Δ,1098.9
334,0.6875,1728.94,92.3216,129.846,52.6261,DnmA Δ,1102.2
335,0.84375,1784.73,95.7289,137.066,50.5186,DnmA Δ,1105.5
336,0.510417,1301.31,105.068,162.533,53.8831,DnmA Δ,1108.8
337,1.80699,1522.42,90.1277,136.367,48.2807,DnmA Δ,1112.1
338,0.823283,1460.95,94.0862,153.972,49.0762,DnmA Δ,1115.4
339,0.961803,1491.4,93.3237,143.516,52.8509,DnmA Δ,1118.7
340,0.792112,1478.9,81.9356,106.434,49.0729,DnmA Δ,1122
341,1.52892,1476.53,92.702,156.88,49.165,DnmA Δ,1125.3
342,0.0805294,1726.13,94.472,140.216,49.0859,DnmA Δ,1128.6
343,0.858416,1113.05,88.4981,130.208,48.1759,DnmA Δ,1131.9
344,1.25781,1362.5,86.3594,115.127,49.8647,DnmA Δ,1135.2
345,1.93731,1397.08,87.7889,125.731,47.8523,DnmA Δ,1138.5
346,1.53547,1445.46,85.0686,125.375,46.5975,DnmA Δ,1141.8
347,0.619606,1324.32,86.3674,135.834,47.2764,DnmA Δ,1145.1
348,0.687899,1613.52,89.3998,127.96,50.372,DnmA Δ,1148.4
349,0.992679,1465.56,93.0207,143.594,49.4244,DnmA Δ,1151.7
350,1.13581,1106.91,93.2356,131.118,51.5627,DnmA Δ,1155
351,2.45326,1396.19,98.1426,141.717,56.5557,DnmA Δ,1158.3
352,0.633683,1011.92,81.5249,121.051,47.3509,DnmA Δ,1161.6
353,1.23193,1517.84,87.0653,131.194,49.2994,DnmA Δ,1164.9
354,1.49086,1365.33,105.9,169.311,54.7559,DnmA Δ,1168.2
355,2.02832,1564.57,108.643,176.793,53.1614,DnmA Δ,1171.5
356,1.29822,1140.57,85.1466,121.142,48.0269,DnmA Δ,1174.8
357,2.39401,1301.41,87.0572,124.907,50.7895,DnmA Δ,1178.1
358,0.810695,2234.77,84.7055,146.98,45.5964,DnmA Δ,1181.4
359,1.33911,1359.57,94.1405,148.387,50.6582,DnmA Δ,1184.7
360,1.04008,1945.01,94.3149,156.329,52.3174,DnmA Δ,1188
361,1.8454,1337.47,91.0804,134.679,50.8152,DnmA Δ,1191.3
362,0.116866,1394.81,101.768,155.167,57.8779,DnmA Δ,1194.6
363,1.21875,2722.47,94.8007,171.423,53.4679,DnmA Δ,1197.9
364,0.34375,2699.78,90.8011,164.595,51.8685,DnmA Δ,1201.2
365,1.34375,1305.83,93.4516,142.615,49.9492,DnmA Δ,1204.5
366,1.8802,1565.3,84.2827,125.578,45.9102,DnmA Δ,1207.8
367,1.27832,1459.77,82.0473,134.504,46.1012,DnmA Δ,1211.1
368,1.51248,1299.44,83.4184,128.787,45.0073,DnmA Δ,1214.4
369,1.10828,1797.57,88.1726,152.532,48.5307,DnmA Δ,1217.7
370,1.15088,2795,80.599,156.385,43.7754,DnmA Δ,1221
371,2.22781,1575.86,86.3618,148.194,46.5372,DnmA Δ,1224.3
372,0.679104,1368.5,83.3012,128.105,46.1135,DnmA Δ,1227.6
373,0.71824,891.887,83.0525,113.283,45.5684,DnmA Δ,1230.9
374,3.03546,1136.1,93.2249,132.231,52.0247,DnmA Δ,1234.2
375,0.267,1400.01,81.6219,131.775,45.7508,DnmA Δ,1237.5
376,1.1289,1320.69,101.798,164.372,46.8237,DnmA Δ,1240.8
377,0.887501,1754.28,99.1505,192.625,43.8406,DnmA Δ,1244.1
378,0.296875,1288.28,86.6512,138.13,44.3356,DnmA Δ,1247.4
379,0.75,1289.05,83.8499,145.491,43.2749,DnmA Δ,1250.7
380,1.93425,1530.25,89.7163,144.302,46.4772,DnmA Δ,1254
381,1.58323,1803.81,81.787,153.016,45.1947,DnmA Δ,1257.3
382,0.59375,1391.57,74.1926,111.646,42.6348,DnmA Δ,1260.6
383,0.99829,1182.34,74.3865,107.166,43.0459,DnmA Δ,1263.9
384,1.94236,1709.25,84.6889,144.43,46.1724,DnmA Δ,1267.2
385,1.64298,1354.58,85.0192,145.155,44.1425,DnmA Δ,1270.5
386,0.938313,1460.63,80.9269,129.485,44.2844,DnmA Δ,1273.8
387,0.4375,1536.87,83.0931,146.055,43.9228,DnmA Δ,1277.1
388,0.539289,1082.49,81.1676,113.614,45.687,DnmA Δ,1280.4
389,0.828125,1642.75,83.1868,125.228,47.8458,DnmA Δ,1283.7
390,0.486026,1781.24,80.8866,142.762,45.2432,DnmA Δ,1287
391,0.820647,1427.8,79.7324,125.045,42.1386,DnmA Δ,1290.3
392,2.05166,1190.69,91.0132,143.443,49.5622,DnmA Δ,1293.6
393,2.02373,1377.63,84.6815,133.434,47.5991,DnmA Δ,1296.9
394,1.75,871.657,74.1621,97.9692,43.359,DnmA Δ,1300.2
395,2.10938,1608.91,79.4908,133.238,42.1543,DnmA Δ,1303.5
396,0.338043,2369.88,83.6658,169.641,44.115,DnmA Δ,1306.8
397,1.4825,1072.66,73.7914,101.596,42.1935,DnmA Δ,1310.1
398,0.939979,1543.53,78.7115,128.104,40.325,DnmA Δ,1313.4
399,1.28894,819.423,75.0233,81.9576,50.4857,DnmA Δ,1316.7
400,0.375325,2144.66,83.5408,147.721,43.6812,DnmA Δ,1320
401,0.737237,1308.06,90.558,139.027,51.2756,DnmA Δ,1323.3
402,1.48259,1600.36,93.9521,145.797,51.6556,DnmA Δ,1326.6
403,0.359715,1073.1,84.9757,138.218,43.8047,DnmA Δ,1329.9
404,1.32813,1724.21,81.1831,156.788,43.3943,DnmA Δ,1333.2
405,0.554908,2274.35,83.9712,149.122,44.4015,DnmA Δ,1336.5
406,1.07838,1286.56,82.7866,130.997,44.3102,DnmA Δ,1339.8
407,1.7966,1598.83,77.5628,131.558,39.1709,DnmA Δ,1343.1
408,1.0388,923.177,75.1853,106.959,40.0298,DnmA Δ,1346.4
409,0.64919,692.357,71.8912,93.8799,41.4587,DnmA Δ,1349.7
410,1.44888,835.186,72.0637,99.2538,38.9988,DnmA Δ,1353
411,0.484942,1675.13,85.9407,141.842,46.3301,DnmA Δ,1356.3
412,0.03125,1590.6,81.2377,130.615,42.3026,DnmA Δ,1359.6
413,0.354437,1388.53,76.7438,113.166,44.1081,DnmA Δ,1362.9
414,0.705897,1615.31,84.2783,135.671,48.5915,DnmA Δ,1366.2
415,1.06608,1123.89,71.8021,105.459,40.4381,DnmA Δ,1369.5
416,1.88953,1235.41,80.048,129.558,42.9566,DnmA Δ,1372.8
417,1.26389,987.696,77.4227,107.799,44.3594,DnmA Δ,1376.1
418,0.588173,1124.38,74.5313,109.697,43.0158,DnmA Δ,1379.4
419,2.2632,960.175,73.7496,107.86,42.2584,DnmA Δ,1382.7
420,1.27877,984.281,85.6942,123.535,47.615,DnmA Δ,1386
421,2.02855,1836.72,89.8004,154.314,46.756,DnmA Δ,1389.3
422,0.515625,1024.87,95.3157,120.291,60.2205,DnmA Δ,1392.6
423,0.76969,1535,85.041,131.294,48.5289,DnmA Δ,1395.9
424,2.86743,850.238,76.0098,93.242,48.0053,DnmA Δ,1399.2
425,0.453125,1028.33,76.015,105.047,44.6114,DnmA Δ,1402.5
426,1.14063,1387.61,80.5257,122.257,44.7037,DnmA Δ,1405.8
427,0.926571,905.079,75.4089,105.069,43.537,DnmA Δ,1409.1
428,0.21875,1415.76,75.5107,122.239,42.8669,DnmA Δ,1412.4
429,0.545086,1489.6,80.1128,125.076,44.2396,DnmA Δ,1415.7
430,5.81518,1238.16,147.538,147.086,101.273,DnmA Δ,1419
431,2.67188,1641.8,165.456,186.905,107.429,DnmA Δ,1422.3
432,1.1424,2061.22,117.851,166.064,73.4589,DnmA Δ,1425.6
433,3.13718,1225.09,97.7064,137.856,56.6342,DnmA Δ,1428.9
434,1.25714,1429.53,88.0629,125.467,51.4542,DnmA Δ,1432.2
435,1.1289,1105.87,90.8546,127.75,55.905,DnmA Δ,1435.5
436,0.1875,1192.3,94.338,131.757,54.3344,DnmA Δ,1438.8
437,1.40021,1029.98,86.6039,119.392,48.0013,DnmA Δ,1442.1
438,1.98438,1779.25,99.4599,173.923,48.1737,DnmA Δ,1445.4
439,2.6876,1177.31,86.7326,134.342,43.8208,DnmA Δ,1448.7
440,0.717092,1482.08,95.4482,161.295,48.4941,DnmA Δ,1452
441,3.57147,2037.58,96.2134,171.098,45.6658,DnmA Δ,1455.3
442,0.282981,1303.08,87.5039,141.449,41.3634,DnmA Δ,1458.6
443,0.885711,1111.72,79.407,116.661,41.0921,DnmA Δ,1461.9
444,1.58116,1363.78,95.2528,158.502,42.1861,DnmA Δ,1465.2
445,1.66258,1160.02,88.1798,127.995,41.9828,DnmA Δ,1468.5
446,0.703049,1148.94,94.1387,151.195,45.8444,DnmA Δ,1471.8
447,0.28125,1280.81,83.7732,124.952,43.4764,DnmA Δ,1475.1
448,2.20318,1138.41,83.2412,129.299,40.0554,DnmA Δ,1478.4
449,0.0390625,1479.89,93.2181,163.572,41.8424,DnmA Δ,1481.7
450,1.37247,1128.16,84.6443,130.285,42.4551,DnmA Δ,1485
451,1.01457,1117.38,83.8829,132.543,40.1818,DnmA Δ,1488.3
452,1.45879,1331.81,101.953,154.655,51.8601,DnmA Δ,1491.6
453,1.125,1719.66,99.6133,154.59,50.7901,DnmA Δ,1494.9
454,0.422164,1294.01,95.7708,121.807,57.9761,DnmA Δ,1498.2
455,1.05177,998.538,93.3908,134.072,48.6524,DnmA Δ,1501.5
456,2.06145,1546.79,93.5145,146.713,46.8567,DnmA Δ,1504.8
457,0.796875,1189.15,87.1744,150.322,39.2843,DnmA Δ,1508.1
458,0.702256,1480.23,90.3664,154.312,43.7702,DnmA Δ,1511.4
459,0.784447,2740.06,100.152,196.753,43.8984,DnmA Δ,1514.7
460,0.5,1324.36,98.0317,134.122,53.9609,DnmA Δ,1518
461,0.760385,1428.47,106.418,146.551,60.5129,DnmA Δ,1521.3
462,1.0227,1665.97,112.407,175.927,55.8724,DnmA Δ,1524.6
463,0.864583,1350.57,105.658,151.177,55.2803,DnmA Δ,1527.9
464,2.05473,1386.49,88.4548,123.491,50.925,DnmA Δ,1531.2
465,0.210938,1356.32,95.2142,147.406,49.6417,DnmA Δ,1534.5
466,1.7209,1235.29,87.9994,122.399,48.1878,DnmA Δ,1537.8
467,1.71342,1422.36,93.3747,151.817,48.5294,DnmA Δ,1541.1
468,1.8138,1220.06,102.246,153.58,53.4001,DnmA Δ,1544.4
469,0.53125,1900.01,101.991,179.919,49.5056,DnmA Δ,1547.7
470,1.34949,1403.75,102.98,157.005,56.5559,DnmA Δ,1551
471,1.47257,1515.34,100.717,158.454,52.7033,DnmA Δ,1554.3
472,1.31511,1534.78,110.336,182.16,54.2078,DnmA Δ,1557.6
473,1.24069,1552.95,115.37,173.098,58.6436,DnmA Δ,1560.9
474,0.994645,2189.28,110.299,196.477,55.5498,DnmA Δ,1564.2
475,0.886263,1396.73,95.4615,151.339,45.67,DnmA Δ,1567.5
476,1.17115,1264,92.5873,137.891,48.4578,DnmA Δ,1570.8
477,1.41406,1685.58,98.6689,171.216,48.2235,DnmA Δ,1574.1
478,0.749064,1780.3,89.646,161.53,42.2188,DnmA Δ,1577.4
479,0.494106,2114.48,93.1277,175.845,44.0021,DnmA Δ,1580.7
480,0.579193,1657.84,107.789,204.76,45.1532,DnmA Δ,1584
481,1.89163,1601.33,88.853,154.098,41.5404,DnmA Δ,1587.3
482,1.72792,1338.78,91.4757,138.581,51.6215,DnmA Δ,1590.6
483,0.453125,1352.35,84.976,145.092,43.4229,DnmA Δ,1593.9
484,0.886107,992.103,83.6308,118.074,43.8646,DnmA Δ,1597.2
485,0.419281,1411.98,90.4708,149.628,43.4661,DnmA Δ,1600.5
486,0.15625,1086.14,86.3769,132.134,43.7145,DnmA Δ,1603.8
487,0.274468,1281.09,83.647,144.178,41.675,DnmA Δ,1607.1
488,0.369115,1933.03,90.2588,156.636,44.4474,DnmA Δ,1610.4
489,0.435823,1437.61,90.1931,157.789,41.9143,DnmA Δ,1613.7
490,1,1220.83,76.6736,125.461,37.751,DnmA Δ,1617
491,1.35668,1406.76,93.8291,167.388,38.4869,DnmA Δ,1620.3
492,0.203125,1568.84,96.446,188.857,40.2188,DnmA Δ,1623.6
493,0.49657,1486.02,87.1861,166.574,37.9471,DnmA Δ,1626.9
494,1.26755,1188.56,82.0343,135.649,39.0817,DnmA Δ,1630.2
495,0.941773,1412.75,85.9469,148.728,40.2988,DnmA Δ,1633.5
496,1.04874,2071.61,80.8933,144.035,38.2597,DnmA Δ,1636.8
497,3.05313,1173.05,81.991,124.991,42.1777,DnmA Δ,1640.1
498,1.22405,2068.53,95.4015,191.011,39.3196,DnmA Δ,1643.4
499,1.58625,2047.9,87.239,173.516,37.6022,DnmA Δ,1646.7
500,1.32656,1282.83,81.4028,137.176,41.4647,DnmA Δ,1650
501,0.819093,1234.82,83.1639,133.808,36.8988,DnmA Δ,1653.3
502,0.971275,1322.43,83.7326,138.648,39.1992,DnmA Δ,1656.6
503,0.56445,1732.9,89.3083,172.145,38.2829,DnmA Δ,1659.9
504,1.31781,1834.38,88.9362,153.675,40.2688,DnmA Δ,1663.2
505,1.79878,1362.23,91.9557,160.338,39.983,DnmA Δ,1666.5
506,1.72619,1443.96,89.5979,165.736,39.8919,DnmA Δ,1669.8
507,0.656819,1297.04,82.5925,141.902,40.7601,DnmA Δ,1673.1
508,0.203125,1434.32,79.9874,130.223,38.3445,DnmA Δ,1676.4
509,2.35958,1435.37,98.1462,183.003,41.6911,DnmA Δ,1679.7
510,1.80013,2638.66,100.531,199.076,41.1959,DnmA Δ,1683
511,1.46836,1538.4,93.4218,159.171,43.6195,DnmA Δ,1686.3
512,0.395593,1358.73,101.991,168.178,49.2993,DnmA Δ,1689.6
513,0.334024,1419.65,98.2621,166.021,46.361,DnmA Δ,1692.9
514,0.953901,1461.03,90.8922,157.728,40.7327,DnmA Δ,1696.2
515,2.18997,1346.23,90.7634,137.71,40.5965,DnmA Δ,1699.5
516,0.84375,1467.91,98.5575,166.132,44.7169,DnmA Δ,1702.8
517,0.692542,2523.49,90.8047,161.969,42.793,DnmA Δ,1706.1
518,1.51532,1069.59,83.7264,125.756,42.1306,DnmA Δ,1709.4
519,1.88759,1130.12,90.7519,141.605,43.0851,DnmA Δ,1712.7
520,2.00476,1020.98,80.8031,117.684,42.428,DnmA Δ,1716
521,1.60649,1269.63,84.1459,138.231,41.1233,DnmA Δ,1719.3
522,0.255434,2122.09,97.4307,191.754,39.3077,DnmA Δ,1722.6
523,1.24698,1623.07,87.5784,148.807,39.3884,DnmA Δ,1725.9
524,0.939849,2072.71,92.3536,173.473,40.2791,DnmA Δ,1729.2
525,1.00125,1274.58,95.726,164.444,44.4366,DnmA Δ,1732.5
526,1.01292,1172.93,94.2823,146.104,43.8797,DnmA Δ,1735.8
527,0.839408,1567.7,90.9246,143.009,45.5734,DnmA Δ,1739.1
528,1.07813,1471.23,90.755,152.662,43.1746,DnmA Δ,1742.4
529,1.15244,1358.91,87.8557,153.138,38.722,DnmA Δ,1745.7
530,2.71803,1155.4,78.4101,124.848,39.6796,DnmA Δ,1749
531,1.64394,1569,88.4918,166.302,38.1332,DnmA Δ,1752.3
532,0.110001,1594.64,86.0013,146.503,38.4779,DnmA Δ,1755.6
533,0.971895,1801.68,86.6751,150.603,41.5122,DnmA Δ,1758.9
534,0.721462,1560.98,97.4283,167.977,42.0883,DnmA Δ,1762.2
535,0.858096,1502.08,82.6104,150.919,39.9302,DnmA Δ,1765.5
536,1.91114,1394.33,82.9337,138.439,37.279,DnmA Δ,1768.8
537,2.45954,1309.72,88.8666,153.536,42.9484,DnmA Δ,1772.1
538,1.28733,1111.15,74.8763,116.651,38.2009,DnmA Δ,1775.4
539,0.831802,1047.16,73.9657,113.916,37.1929,DnmA Δ,1778.7
540,1.15499,2802.64,88.7904,177.754,40.902,DnmA Δ,1782
541,0.850092,1143.88,82.1337,131.504,41.1448,DnmA Δ,1785.3
542,1.39071,1496.47,92.6056,143.963,49.9753,DnmA Δ,1788.6
543,1.41015,1132.06,78.8921,119.183,44.9353,DnmA Δ,1791.9
544,0.640625,1444.25,78.2949,128.033,42.146,DnmA Δ,1795.2
545,0.59339,1501.55,85.1979,136.91,42.9882,DnmA Δ,1798.5
546,0.179688,1526.39,84.7713,147.788,40.2748,DnmA Δ,1801.8
547,1.4375,1075.74,83.6118,138.666,39.5632,DnmA Δ,1805.1
548,0.517175,889.594,76.9031,108.768,40.8835,DnmA Δ,1808.4
549,0.21875,1406.44,94.9853,152.447,47.3091,DnmA Δ,1811.7
550,1.67357,1265.94,75.7792,110.311,42.8177,DnmA Δ,1815
551,0.1875,1314.16,79.6603,125.811,42.065,DnmA Δ,1818.3
552,1.43142,1342.28,83.649,150.778,37.5162,DnmA Δ,1821.6
553,1.10275,1829.14,82.3068,149.894,40.4939,DnmA Δ,1824.9
554,1.57998,1258.78,97.9288,157.595,48.7152,DnmA Δ,1828.2
555,0.796875,1305.96,88.834,141.405,44.8934,DnmA Δ,1831.5
556,1.00645,1879.82,82.4465,141.936,42.4081,DnmA Δ,1834.8
557,2.26907,1554.79,88.8452,171.587,39.946,DnmA Δ,1838.1
558,1.11762,1466.1,80.0301,136.548,41.0314,DnmA Δ,1841.4
559,0.750254,1192.17,80.7964,134.701,42.0725,DnmA Δ,1844.7
560,1.44683,1393.28,81.1018,141.057,38.8331,DnmA Δ,1848
561,0.75,1378.67,79.5082,133.316,37.7559,DnmA Δ,1851.3
562,1.38713,1219.93,77.5553,121.431,41.2473,DnmA Δ,1854.6
563,1.96863,1542.53,77.1081,124.72,38.7816,DnmA Δ,1857.9
564,1.49086,1591.18,83.2077,152.537,40.9789,DnmA Δ,1861.2
565,2.0913,1358.41,83.829,142.188,40.7142,DnmA Δ,1864.5
566,1.39844,2476.42,87.5204,185.328,41.7882,DnmA Δ,1867.8
567,0.516586,2181.07,84.4817,165.678,38.9984,DnmA Δ,1871.1
568,0.312598,1222.42,76.5346,121.121,39.5663,DnmA Δ,1874.4
569,1.80088,895.458,77.6939,114.819,39.1877,DnmA Δ,1877.7
570,1.92162,1648.45,85.7251,146.644,40.0377,DnmA Δ,1881
571,0.681884,1078.95,81.1494,129.794,40.0808,DnmA Δ,1884.3
572,0.1875,1087.8,88.9314,130.676,45.036,DnmA Δ,1887.6
573,1.89604,1222.44,82.3201,120.752,42.3839,DnmA Δ,1890.9
574,0.25,960.298,77.3228,109.402,38.1349,DnmA Δ,1894.2
575,0.806468,1008.21,77.5607,120.095,40.9789,DnmA Δ,1897.5
576,0.426479,1099.03,81.1255,122.2,40.8128,DnmA Δ,1900.8
577,0.345543,876.005,74.8984,103.576,40.7788,DnmA Δ,1904.1
578,0.225347,1113.83,84.2674,133.425,41.5332,DnmA Δ,1907.4
579,1.62922,1314.34,88.6347,147.319,42.3968,DnmA Δ,1910.7
580,0.132583,1564.18,82.7107,148.248,35.9608,DnmA Δ,1914
581,0.725472,1167.03,80.1514,121.235,39.8326,DnmA Δ,1917.3
582,1.875,1403.25,87.3707,147.317,41.6308,DnmA Δ,1920.6
583,0.43891,969.49,78.2688,125.707,40.6437,DnmA Δ,1923.9
584,1.03421,1043.58,86.4022,138.121,39.278,DnmA Δ,1927.2
585,1.78809,1478.33,83.6252,159.464,38.4241,DnmA Δ,1930.5
586,2.06925,1285.74,76.1978,118.71,37.7974,DnmA Δ,1933.8
587,2.27596,1672.58,74.2235,129.052,38.8361,DnmA Δ,1937.1
588,1.03125,1462.98,90.6757,156.514,42.8234,DnmA Δ,1940.4
589,0.8125,1052.38,76.5665,121.338,37.262,DnmA Δ,1943.7
590,1.75255,1217.09,75.9655,118.821,36.5501,DnmA Δ,1947
591,0.957725,1299.3,85.3356,153.567,39.4438,DnmA Δ,1950.3
592,0.560979,1494.44,79.0044,131.555,43.3255,DnmA Δ,1953.6
593,1.1875,1365.67,82.1924,141.544,39.625,DnmA Δ,1956.9
594,0.110485,1153.98,75.4095,126.766,38.3073,DnmA Δ,1960.2
595,0.727696,1273.4,76.0713,130.765,37.143,DnmA Δ,1963.5
596,0.298515,1379.28,83.3466,143.885,41.7829,DnmA Δ,1966.8
597,1.17188,922.591,77.513,115.68,40.0311,DnmA Δ,1970.1
598,1.88927,1093.46,80.1046,132.419,40.5942,DnmA Δ,1973.4
599,0.660417,1749.86,85.5766,155.164,40.2437,DnmA Δ,1976.7
600,1.85997,1461.37,96.5115,179.321,42.58,DnmA Δ,1980
601,1.12144,1594.61,84.9707,155.821,37.094,DnmA Δ,1983.3
602,0.777648,1417.99,85.8697,141.024,41.0409,DnmA Δ,1986.6
603,0.654413,1948.98,93.9768,155.09,45.3606,DnmA Δ,1989.9
604,1.28363,1415.76,78.2162,127.083,40.0211,DnmA Δ,1993.2
605,2.72095,1366.57,78.557,123.084,38.4109,DnmA Δ,1996.5
606,0.140625,1804.68,79.5793,143.262,37.5341,DnmA Δ,1999.8
607,1.02918,1471.6,85.5224,156.592,38.5756,DnmA Δ,2003.1
608,0.585677,1201.71,80.2294,133.203,39.888,DnmA Δ,2006.4
609,1.79739,1792.65,89.166,152.651,41.9988,DnmA Δ,2009.7
610,1.01791,1490.65,86.0305,148.298,42.6754,DnmA Δ,2013
611,0.125,1496.06,84.3757,144.199,39.3048,DnmA Δ,2016.3
612,0.829451,1303.16,89.7812,150.392,41.2698,DnmA Δ,2019.6
613,0.504027,1453.7,80.5194,136.924,39.2723,DnmA Δ,2022.9
614,0.375325,1302.5,79.3636,139.977,36.5638,DnmA Δ,2026.2
615,0.885755,1204.52,76.8378,127.197,38.2663,DnmA Δ,2029.5
616,0.632825,1585.7,72.849,122.727,35.0099,DnmA Δ,2032.8
617,0.877229,1342.32,80.8668,139.038,36.0744,DnmA Δ,2036.1
618,0.953125,1729.53,88.5972,175.19,37.4505,DnmA Δ,2039.4
619,1.1313,1410.24,80.9071,140.096,37.544,DnmA Δ,2042.7
620,0.933749,1556.65,80.1024,141.465,37.4194,DnmA Δ,2046
621,1.82217,1449.62,94.66,172.54,40.0964,DnmA Δ,2049.3
622,0.830195,1575.5,79.4682,140.017,37.0738,DnmA Δ,2052.6
623,0.34375,1594.73,80.3509,136.814,39.6819,DnmA Δ,2055.9
624,1.39063,2030.18,91.7131,172.932,40.6477,DnmA Δ,2059.2
625,0.294086,1372.33,69.7251,119.578,33.7968,DnmA Δ,2062.5
626,0,0,0,0,0,DnmA Δ,2065.8
627,0,0,0,0,0,DnmA Δ,2069.1
628,0,0,0,0,0,DnmA Δ,2072.4
629,0,0,0,0,0,DnmA Δ,2075.7
630,0,0,0,0,0,DnmA Δ,2079
631,0,0,0,0,0,DnmA Δ,2082.3
